mese,giorno*,Pioggiamm,Temp. min°C,Temp. med°C,Temp. max°C,Umidità med%,Vento medkm/h,Vento maxkm/h,Dir. V. max°N,Radiaz.KJ/m2,Press. medhPa,Stazione,Anno
5,1,1.0,11.6,16.3,21.8,79,,,,,,Ariis,2020
5,2,12.0,10.9,15.9,23.6,82,,,,,,Ariis,2020
5,3,0.0,9.7,15.8,22.1,64,,,,,,Ariis,2020
5,4,0.0,8.8,15.3,21.9,68,,,,,,Ariis,2020
5,5,0.0,8.1,14.6,20.4,77,,,,,,Ariis,2020
5,6,0.0,9.0,16.2,22.5,62,,,,,,Ariis,2020
5,7,0.0,7.1,15.3,23.2,68,,,,,,Ariis,2020
5,8,0.0,8.6,16.6,24.6,70,,,,,,Ariis,2020
5,9,0.0,9.4,17.1,24.9,72,,,,,,Ariis,2020
5,10,0.0,12.3,17.6,23.3,75,,,,,,Ariis,2020
5,11,8.4,13.9,16.6,19.9,91,,,,,,Ariis,2020
5,12,11.8,9.8,14.2,21.3,86,,,,,,Ariis,2020
5,13,0.0,9.9,16.6,21.5,84,,,,,,Ariis,2020
5,14,0.0,12.2,19.8,26.1,75,,,,,,Ariis,2020
5,15,6.8,15.0,18.1,22.8,81,,,,,,Ariis,2020
5,16,2.6,13.7,17.1,21.5,69,,,,,,Ariis,2020
5,17,0.4,13.6,20.5,28.0,69,,,,,,Ariis,2020
5,18,0.0,16.1,21.9,26.2,55,,,,,,Ariis,2020
5,19,1.6,16.2,20.5,25.8,63,,,,,,Ariis,2020
5,20,0.0,12.1,20.8,26.6,68,,,,,,Ariis,2020
5,21,0.0,10.5,19.6,26.8,63,,,,,,Ariis,2020
5,22,0.0,12.8,19.2,25.3,61,,,,,,Ariis,2020
5,23,9.8,13.5,20.3,27.7,65,,,,,,Ariis,2020
5,24,0.0,12.2,18.7,25.2,65,,,,,,Ariis,2020
5,25,0.0,10.6,18.3,25.4,67,,,,,,Ariis,2020
5,26,0.0,9.2,17.5,25.2,68,,,,,,Ariis,2020
5,27,0.2,7.9,17.9,26.3,59,,,,,,Ariis,2020
5,28,18.8,10.6,17.4,26.0,70,,,,,,Ariis,2020
5,29,0.6,10.5,17.4,24.1,67,,,,,,Ariis,2020
5,30,0.2,11.0,17.8,23.5,63,,,,,,Ariis,2020
5,31,0.4,13.6,17.9,23.6,67,,,,,,Ariis,2020
5,1,5.0,6.7,11.8,16.7,87,,,,11727,,Barcis,2020
5,2,4.2,8.0,12.5,20.8,86,,,,15575,,Barcis,2020
5,3,0.0,6.3,11.9,18.9,74,,,,20815,,Barcis,2020
5,4,0.0,6.2,12.3,20.1,74,,,,21056,,Barcis,2020
5,5,0.0,4.6,11.1,19.5,78,,,,11656,,Barcis,2020
5,6,0.0,7.1,12.4,20.0,75,,,,16764,,Barcis,2020
5,7,0.0,4.8,13.0,21.4,72,,,,24195,,Barcis,2020
5,8,0.0,6.1,14.1,21.8,74,,,,22298,,Barcis,2020
5,9,0.0,8.6,16.2,22.6,71,,,,22582,,Barcis,2020
5,10,0.6,12.3,15.9,22.0,78,,,,15655,,Barcis,2020
5,11,30.8,11.1,13.1,17.7,96,,,,7139,,Barcis,2020
5,12,10.6,9.9,12.3,19.8,94,,,,11549,,Barcis,2020
5,13,1.6,9.9,12.4,15.9,98,,,,4934,,Barcis,2020
5,14,21.8,10.9,16.2,22.0,85,,,,19579,,Barcis,2020
5,15,18.2,12.3,14.3,16.5,96,,,,7396,,Barcis,2020
5,16,10.4,11.8,13.8,16.8,92,,,,6999,,Barcis,2020
5,17,4.4,12.0,17.2,25.3,83,,,,21749,,Barcis,2020
5,18,0.0,11.5,17.4,25.0,80,,,,20730,,Barcis,2020
5,19,11.4,12.5,14.8,19.0,95,,,,4730,,Barcis,2020
5,20,0.0,10.8,16.8,25.3,83,,,,16046,,Barcis,2020
5,21,0.2,8.7,16.0,23.8,79,,,,24182,,Barcis,2020
5,22,0.0,10.4,15.9,22.2,77,,,,19147,,Barcis,2020
5,23,6.0,10.5,16.9,23.8,78,,,,19906,,Barcis,2020
5,24,0.0,8.2,15.3,22.9,71,,,,23199,,Barcis,2020
5,25,0.0,6.7,14.5,22.2,77,,,,20816,,Barcis,2020
5,26,0.4,7.9,13.3,20.9,84,,,,14795,,Barcis,2020
5,27,0.0,5.8,14.1,22.9,72,,,,23895,,Barcis,2020
5,28,0.6,7.1,13.7,22.8,78,,,,15240,,Barcis,2020
5,29,0.0,8.5,14.5,22.6,66,,,,20042,,Barcis,2020
5,30,0.4,6.5,12.2,18.3,79,,,,8394,,Barcis,2020
5,31,0.6,9.7,14.0,19.4,76,,,,15417,,Barcis,2020
5,1,2.4,11.8,16.0,20.9,82,7,39,341,,,Bicinicco,2020
5,2,9.6,11.8,15.6,22.9,82,6,37,96,,,Bicinicco,2020
5,3,0.2,9.9,16.3,22.0,61,6,26,107,,,Bicinicco,2020
5,4,0.0,9.8,15.5,21.3,68,6,33,178,,,Bicinicco,2020
5,5,0.0,8.0,14.8,19.8,75,4,14,350,,,Bicinicco,2020
5,6,0.0,9.3,16.2,21.6,60,6,27,40,,,Bicinicco,2020
5,7,0.0,7.9,15.4,22.2,66,6,28,186,,,Bicinicco,2020
5,8,0.0,8.7,16.6,24.2,67,5,21,169,,,Bicinicco,2020
5,9,0.0,9.9,17.2,24.0,68,6,21,161,,,Bicinicco,2020
5,10,0.0,12.6,17.6,22.9,73,7,25,187,,,Bicinicco,2020
5,11,7.2,13.5,16.4,19.8,91,11,45,169,,,Bicinicco,2020
5,12,5.6,9.5,14.1,21.7,85,9,36,21,,,Bicinicco,2020
5,13,0.0,9.6,16.5,21.2,83,6,19,13,,,Bicinicco,2020
5,14,0.0,12.9,19.9,26.0,75,5,25,97,,,Bicinicco,2020
5,15,7.2,14.3,17.5,22.5,82,8,42,272,,,Bicinicco,2020
5,16,1.2,13.6,16.9,21.6,68,9,30,9,,,Bicinicco,2020
5,17,0.6,13.3,20.3,28.1,68,8,26,65,,,Bicinicco,2020
5,18,0.0,16.2,22.0,26.5,53,9,31,21,,,Bicinicco,2020
5,19,2.8,15.8,20.2,25.2,64,14,38,39,,,Bicinicco,2020
5,20,0.6,12.7,21.1,27.2,61,7,34,96,,,Bicinicco,2020
5,21,0.0,10.6,19.6,26.4,60,4,24,206,,,Bicinicco,2020
5,22,0.0,13.3,19.4,24.9,59,5,23,185,,,Bicinicco,2020
5,23,15.2,14.9,20.4,27.0,62,6,38,327,,,Bicinicco,2020
5,24,0.0,12.9,18.8,25.6,63,6,22,176,,,Bicinicco,2020
5,25,0.0,11.0,18.2,24.0,65,6,31,157,,,Bicinicco,2020
5,26,2.2,10.8,16.9,24.2,71,5,24,177,,,Bicinicco,2020
5,27,0.0,9.9,18.0,25.5,57,5,23,201,,,Bicinicco,2020
5,28,1.6,10.7,17.4,25.2,70,6,40,2,,,Bicinicco,2020
5,29,0.4,9.9,17.3,24.4,65,5,26,79,,,Bicinicco,2020
5,30,0.0,11.3,17.9,23.7,57,4,19,36,,,Bicinicco,2020
5,31,0.0,13.2,17.9,23.8,58,5,25,171,,,Bicinicco,2020
5,1,,,,,82,,,,21353,1006.0,Boa Paloma,2020
5,2,,,,,79,,,,22983,1006.3,Boa Paloma,2020
5,3,,,,,59,,,,27434,1013.7,Boa Paloma,2020
5,4,,,,,65,,,,27580,1017.6,Boa Paloma,2020
5,5,,,,,70,,,,11586,1012.9,Boa Paloma,2020
5,6,,,,,58,,,,24468,1015.4,Boa Paloma,2020
5,7,,,,,63,,,,27893,1021.3,Boa Paloma,2020
5,8,,,,,70,,,,27627,1019.0,Boa Paloma,2020
5,9,,,,,71,,,,26998,1014.2,Boa Paloma,2020
5,10,,,,,74,,,,21511,1010.7,Boa Paloma,2020
5,11,,,,,76,,,,13052,1004.8,Boa Paloma,2020
5,12,,,,,78,,,,13407,1009.6,Boa Paloma,2020
5,13,,,,,79,,,,19361,1010.0,Boa Paloma,2020
5,14,,,,,82,,,,24402,1006.3,Boa Paloma,2020
5,15,,,,,80,,,,12035,1009.3,Boa Paloma,2020
5,16,,,,,70,,,,15568,1017.6,Boa Paloma,2020
5,17,,,,,67,,,,24570,1014.9,Boa Paloma,2020
5,18,,,,,65,,,,21247,1016.0,Boa Paloma,2020
5,19,,,,,66,,,,11868,1011.9,Boa Paloma,2020
5,20,,,,,61,,,,18351,1010.8,Boa Paloma,2020
5,21,,,,,55,,,,28803,1016.7,Boa Paloma,2020
5,22,,,,,67,,,,21193,1022.2,Boa Paloma,2020
5,23,,,,,71,,,,20643,1020.2,Boa Paloma,2020
5,24,,,,,62,,,,29953,1023.2,Boa Paloma,2020
5,25,,,,,65,,,,29589,1024.1,Boa Paloma,2020
5,26,,,,,59,,,,25017,1025.9,Boa Paloma,2020
5,27,,,,,61,,,,30226,1026.9,Boa Paloma,2020
5,28,,,,,65,,,,19763,1022.4,Boa Paloma,2020
5,29,,,,,53,,,,28656,1019.2,Boa Paloma,2020
5,30,,,,,49,,,,23011,1015.7,Boa Paloma,2020
5,31,,,,,51,,,,22722,1015.2,Boa Paloma,2020
5,1,12.4,10.3,14.1,19.9,,,,,,,Bordano,2020
5,2,1.0,10.8,14.7,22.3,,,,,,,Bordano,2020
5,3,0.0,8.5,14.9,21.2,,,,,,,Bordano,2020
5,4,0.0,10.0,14.6,20.6,,,,,,,Bordano,2020
5,5,0.0,9.2,13.9,18.6,,,,,,,Bordano,2020
5,6,0.0,9.8,15.3,21.6,,,,,,,Bordano,2020
5,7,0.0,8.1,15.0,22.7,,,,,,,Bordano,2020
5,8,0.0,10.3,16.6,23.6,,,,,,,Bordano,2020
5,9,0.0,12.3,18.0,24.5,,,,,,,Bordano,2020
5,10,0.2,13.3,17.4,22.2,,,,,,,Bordano,2020
5,11,82.0,12.2,14.0,16.1,,,,,,,Bordano,2020
5,12,31.0,9.3,12.7,18.7,,,,,,,Bordano,2020
5,13,4.0,9.1,13.1,17.9,,,,,,,Bordano,2020
5,14,9.8,12.8,18.0,24.3,,,,,,,Bordano,2020
5,15,135.4,13.0,15.6,19.4,,,,,,,Bordano,2020
5,16,29.0,11.7,15.1,20.6,,,,,,,Bordano,2020
5,17,5.2,13.0,19.3,26.8,,,,,,,Bordano,2020
5,18,0.0,15.6,20.6,26.7,,,,,,,Bordano,2020
5,19,10.6,15.6,19.6,25.5,,,,,,,Bordano,2020
5,20,0.0,15.4,21.0,27.2,,,,,,,Bordano,2020
5,21,0.0,12.9,18.4,24.5,,,,,,,Bordano,2020
5,22,0.0,14.2,18.1,23.2,,,,,,,Bordano,2020
5,23,9.0,14.0,19.0,24.5,,,,,,,Bordano,2020
5,24,0.0,12.8,17.8,25.2,,,,,,,Bordano,2020
5,25,0.0,10.8,17.2,23.0,,,,,,,Bordano,2020
5,26,0.0,11.7,16.7,22.9,,,,,,,Bordano,2020
5,27,0.0,9.8,17.2,24.1,,,,,,,Bordano,2020
5,28,0.0,11.1,16.8,24.3,,,,,,,Bordano,2020
5,29,0.0,9.4,16.3,23.3,,,,,,,Bordano,2020
5,30,0.0,10.7,15.4,20.0,,,,,,,Bordano,2020
5,31,0.0,11.9,16.4,22.1,,,,,,,Bordano,2020
5,1,8.6,11.2,14.7,19.2,82,9,31,69,21130,974.9,Borgo Grotta Gigante,2020
5,2,5.4,10.2,13.5,20.0,90,8,30,56,15093,975.4,Borgo Grotta Gigante,2020
5,3,0.2,8.8,14.5,20.4,65,12,57,89,27556,982.2,Borgo Grotta Gigante,2020
5,4,0.0,5.8,13.1,19.5,61,9,23,255,29079,985.7,Borgo Grotta Gigante,2020
5,5,0.0,5.8,13.2,19.2,77,7,22,181,12166,981.6,Borgo Grotta Gigante,2020
5,6,0.0,8.4,14.1,19.1,54,16,55,56,24057,983.9,Borgo Grotta Gigante,2020
5,7,0.0,6.1,13.1,19.6,61,9,25,234,29668,989.2,Borgo Grotta Gigante,2020
5,8,0.0,6.9,14.7,22.5,67,8,19,254,28715,987.6,Borgo Grotta Gigante,2020
5,9,0.0,7.2,15.4,22.8,65,8,18,252,27682,983.2,Borgo Grotta Gigante,2020
5,10,0.0,9.2,15.5,22.9,72,8,26,116,23033,979.8,Borgo Grotta Gigante,2020
5,11,11.2,10.0,14.6,19.8,91,13,48,155,11405,974.1,Borgo Grotta Gigante,2020
5,12,10.4,7.7,,,88,15,55,84,12906,978.5,Borgo Grotta Gigante,2020
5,13,0.0,8.1,16.2,21.5,84,7,27,161,19251,979.3,Borgo Grotta Gigante,2020
5,14,0.0,10.9,18.2,23.9,76,8,41,89,25171,976.1,Borgo Grotta Gigante,2020
5,15,12.4,13.5,16.3,20.5,89,10,46,357,9331,979.1,Borgo Grotta Gigante,2020
5,16,3.0,9.9,13.7,17.5,79,15,44,82,17219,986.8,Borgo Grotta Gigante,2020
5,17,0.2,11.6,18.2,24.9,71,14,41,82,24825,984.9,Borgo Grotta Gigante,2020
5,18,1.6,15.8,19.4,23.5,63,18,50,86,23516,986.2,Borgo Grotta Gigante,2020
5,19,6.2,13.7,17.3,20.8,73,21,69,63,14892,982.0,Borgo Grotta Gigante,2020
5,20,2.4,13.4,18.1,21.8,63,17,59,88,19963,980.7,Borgo Grotta Gigante,2020
5,21,0.0,14.1,18.9,23.8,47,13,54,85,31397,986.1,Borgo Grotta Gigante,2020
5,22,0.0,12.0,17.3,21.9,55,7,25,69,23006,991.1,Borgo Grotta Gigante,2020
5,23,5.4,12.0,19.0,24.9,64,7,47,37,21432,989.6,Borgo Grotta Gigante,2020
5,24,5.6,10.8,17.0,22.7,58,13,48,54,30235,992.0,Borgo Grotta Gigante,2020
5,25,0.0,9.5,16.4,21.4,57,9,38,77,26638,992.8,Borgo Grotta Gigante,2020
5,26,0.0,9.4,15.6,21.6,60,9,36,95,23299,994.5,Borgo Grotta Gigante,2020
5,27,0.0,7.7,16.1,21.9,56,10,30,49,31227,995.5,Borgo Grotta Gigante,2020
5,28,3.2,10.4,15.3,21.3,70,8,27,84,21334,991.1,Borgo Grotta Gigante,2020
5,29,0.0,9.5,16.6,22.0,53,14,45,91,31524,987.7,Borgo Grotta Gigante,2020
5,30,0.0,13.0,16.5,21.2,48,12,40,107,19556,984.4,Borgo Grotta Gigante,2020
5,31,0.0,11.8,16.0,20.9,53,9,32,72,24846,983.7,Borgo Grotta Gigante,2020
5,1,2.6,11.3,16.1,21.5,81,6,26,164,19250,1002.1,Brugnera,2020
5,2,1.9,11.1,16.9,24.2,80,8,42,101,21441,1002.5,Brugnera,2020
5,3,0.1,10.1,16.8,23.0,63,8,25,178,28629,1009.8,Brugnera,2020
5,4,0.0,9.9,16.8,23.4,64,8,32,198,27113,1013.2,Brugnera,2020
5,5,0.0,9.0,15.5,21.3,71,6,23,74,14911,1009.2,Brugnera,2020
5,6,0.0,11.7,16.8,23.4,63,9,31,84,22180,1011.6,Brugnera,2020
5,7,0.0,10.5,17.2,24.5,63,7,27,259,27495,1016.7,Brugnera,2020
5,8,0.0,10.2,17.9,26.1,66,6,29,165,26479,1014.8,Brugnera,2020
5,9,0.0,12.0,19.4,26.5,64,6,33,155,24985,1009.9,Brugnera,2020
5,10,0.0,15.5,18.9,24.2,74,8,27,71,20103,1006.7,Brugnera,2020
5,11,32.1,14.2,16.6,21.6,93,9,33,68,10933,1001.0,Brugnera,2020
5,12,7.7,11.9,15.2,23.1,90,11,,45,14957,1005.9,Brugnera,2020
5,13,0.4,11.8,16.6,19.8,88,9,24,31,10771,1007.1,Brugnera,2020
5,14,2.3,12.0,19.8,25.5,80,7,24,47,25322,1002.5,Brugnera,2020
5,15,8.6,15.9,19.0,23.4,78,12,62,318,19130,1005.4,Brugnera,2020
5,16,1.3,15.0,17.3,21.0,77,11,31,52,13033,1014.5,Brugnera,2020
5,17,3.9,14.2,20.7,27.7,76,8,31,98,25661,1011.7,Brugnera,2020
5,18,0.0,14.3,21.6,26.9,67,8,26,96,21399,1013.0,Brugnera,2020
5,19,2.5,16.2,20.1,25.9,73,15,50,93,10728,1009.1,Brugnera,2020
5,20,0.0,15.5,21.1,26.7,72,8,29,263,26057,1007.3,Brugnera,2020
5,21,0.0,12.3,20.1,26.4,71,6,26,167,28248,1013.0,Brugnera,2020
5,22,0.0,14.8,20.1,24.7,63,7,28,228,19569,1018.1,Brugnera,2020
5,23,9.6,14.6,20.7,27.3,67,6,27,3,21391,1016.3,Brugnera,2020
5,24,0.1,13.9,19.6,25.1,65,6,28,96,28046,1019.3,Brugnera,2020
5,25,0.3,12.2,19.3,26.2,67,8,32,144,29858,1019.7,Brugnera,2020
5,26,2.2,12.0,17.0,22.9,80,7,31,159,14249,1022.6,Brugnera,2020
5,27,0.1,10.1,18.7,25.3,61,8,24,200,30105,1023.0,Brugnera,2020
5,28,3.1,12.4,18.6,25.4,64,8,28,38,19521,1018.3,Brugnera,2020
5,29,0.4,12.3,18.7,25.1,62,6,27,92,28866,1015.3,Brugnera,2020
5,30,0.0,12.3,18.0,22.2,64,6,21,33,14524,1012.3,Brugnera,2020
5,31,0.0,14.4,18.7,23.5,62,6,25,209,24030,1011.1,Brugnera,2020
5,1,0.4,11.3,15.8,21.2,78,,,,,,Camino,2020
5,2,10.8,11.2,15.8,23.8,80,,,,,,Camino,2020
5,3,0.0,10.2,15.6,22.1,64,,,,,,Camino,2020
5,4,0.0,9.4,15.2,22.2,68,,,,,,Camino,2020
5,5,0.0,8.8,14.8,21.7,75,,,,,,Camino,2020
5,6,0.0,10.4,16.0,21.8,63,,,,,,Camino,2020
5,7,0.0,7.9,15.6,23.5,65,,,,,,Camino,2020
5,8,0.0,9.6,16.7,24.9,69,,,,,,Camino,2020
5,9,0.0,10.7,17.8,25.4,68,,,,,,Camino,2020
5,10,0.0,13.1,17.6,22.9,75,,,,,,Camino,2020
5,11,20.6,13.6,15.9,19.2,90,,,,,,Camino,2020
5,12,13.6,9.8,13.8,21.9,86,,,,,,Camino,2020
5,13,0.2,10.3,16.1,20.8,85,,,,,,Camino,2020
5,14,0.0,12.4,19.5,25.8,75,,,,,,Camino,2020
5,15,14.4,15.1,17.9,23.6,80,,,,,,Camino,2020
5,16,1.8,13.2,16.5,20.8,70,,,,,,Camino,2020
5,17,1.0,13.1,20.5,28.2,68,,,,,,Camino,2020
5,18,0.0,14.7,21.5,25.8,59,,,,,,Camino,2020
5,19,0.4,15.8,20.2,25.2,63,,,,,,Camino,2020
5,20,0.0,13.6,21.0,26.8,66,,,,,,Camino,2020
5,21,0.0,11.9,19.6,26.4,64,,,,,,Camino,2020
5,22,0.0,14.0,19.0,24.2,62,,,,,,Camino,2020
5,23,8.0,13.6,20.2,26.6,65,,,,,,Camino,2020
5,24,0.2,12.0,18.6,25.0,62,,,,,,Camino,2020
5,25,0.0,11.2,18.0,24.7,67,,,,,,Camino,2020
5,26,0.0,10.9,17.7,23.5,68,,,,,,Camino,2020
5,27,0.0,9.8,18.2,26.0,57,,,,,,Camino,2020
5,28,6.0,11.3,17.6,25.8,,,,,,,Camino,2020
5,29,0.2,10.5,17.7,23.8,61,,,,,,Camino,2020
5,30,1.4,11.7,17.3,24.2,65,,,,,,Camino,2020
5,31,0.2,13.2,17.6,22.5,66,,,,,,Camino,2020
5,1,6.7,11.9,15.1,20.9,85,7,35,226,19347,995.7,Capriva del Friuli,2020
5,2,0.7,11.1,15.6,23.8,76,8,49,310,22866,996.1,Capriva del Friuli,2020
5,3,0.0,10.5,16.1,22.0,51,8,35,77,26491,1003.3,Capriva del Friuli,2020
5,4,0.0,8.3,14.9,21.4,62,7,31,237,26907,1006.8,Capriva del Friuli,2020
5,5,0.0,7.2,13.9,18.3,75,4,11,322,9830,1002.8,Capriva del Friuli,2020
5,6,0.0,9.0,15.5,20.8,52,13,44,49,23730,1005.2,Capriva del Friuli,2020
5,7,0.0,6.8,15.0,22.0,60,6,28,202,29439,1010.5,Capriva del Friuli,2020
5,8,0.0,8.4,16.2,24.1,65,6,24,178,28009,1008.7,Capriva del Friuli,2020
5,9,0.0,8.9,16.5,24.5,64,6,24,240,27494,1004.2,Capriva del Friuli,2020
5,10,0.0,10.5,17.0,24.0,74,5,25,246,22823,1000.7,Capriva del Friuli,2020
5,11,8.0,13.1,15.2,19.5,95,8,42,154,7206,995.0,Capriva del Friuli,2020
5,12,11.0,9.1,12.8,16.7,89,10,40,47,4337,999.8,Capriva del Friuli,2020
5,13,0.0,9.2,16.0,21.6,85,6,19,235,15748,1000.5,Capriva del Friuli,2020
5,14,1.9,13.2,19.3,25.6,79,5,25,57,25903,996.7,Capriva del Friuli,2020
5,15,5.2,13.2,16.6,21.8,84,8,40,277,11856,999.9,Capriva del Friuli,2020
5,16,2.4,12.6,16.0,20.3,68,11,32,89,19454,1008.2,Capriva del Friuli,2020
5,17,0.4,12.5,19.8,27.1,66,11,41,65,24708,1005.9,Capriva del Friuli,2020
5,18,0.0,17.7,21.8,26.1,49,10,48,20,23674,1007.1,Capriva del Friuli,2020
5,19,6.7,14.6,19.4,24.0,62,18,51,35,11014,1003.1,Capriva del Friuli,2020
5,20,0.0,12.9,21.2,25.3,49,15,52,57,26973,1001.2,Capriva del Friuli,2020
5,21,0.0,11.9,19.6,25.9,52,5,22,100,27427,1007.1,Capriva del Friuli,2020
5,22,0.0,13.0,18.4,24.4,59,5,23,257,21921,1012.3,Capriva del Friuli,2020
5,23,16.3,12.9,19.4,26.3,65,5,35,319,18615,1010.7,Capriva del Friuli,2020
5,24,1.7,10.8,18.5,25.6,56,7,29,31,31547,1013.3,Capriva del Friuli,2020
5,25,0.0,10.5,17.9,23.8,61,7,27,227,27729,1014.0,Capriva del Friuli,2020
5,26,0.1,11.8,17.2,23.5,59,6,27,233,24002,1015.9,Capriva del Friuli,2020
5,27,0.0,7.8,17.6,25.7,49,6,26,216,31997,1016.8,Capriva del Friuli,2020
5,28,7.6,10.6,16.5,24.1,72,6,33,322,21194,1012.4,Capriva del Friuli,2020
5,29,1.5,8.0,15.9,23.4,69,5,29,30,22065,1009.2,Capriva del Friuli,2020
5,30,0.0,10.2,17.1,22.3,53,5,19,111,20516,1005.7,Capriva del Friuli,2020
5,31,0.0,11.0,16.9,22.5,57,5,23,223,25278,1004.9,Capriva del Friuli,2020
5,1,14.6,5.6,9.8,15.9,84,,,,,900.9,Cave del Predil,2020
5,2,7.6,4.8,10.4,17.8,79,,,,,902.1,Cave del Predil,2020
5,3,0.0,2.9,7.9,14.9,72,,,,,908.9,Cave del Predil,2020
5,4,0.0,2.6,10.6,16.8,73,,,,,910.6,Cave del Predil,2020
5,5,0.2,7.9,11.4,14.9,75,,,,,907.4,Cave del Predil,2020
5,6,1.4,3.0,9.4,16.3,70,,,,,910.5,Cave del Predil,2020
5,7,0.0,1.4,11.1,21.2,67,,,,,914.1,Cave del Predil,2020
5,8,0.0,5.4,14.0,21.0,68,,,,,912.7,Cave del Predil,2020
5,9,0.0,10.2,15.5,20.9,67,,,,,908.8,Cave del Predil,2020
5,10,0.2,11.8,14.9,19.0,70,,,,,905.3,Cave del Predil,2020
5,11,47.8,9.0,11.0,13.8,89,,,,,899.6,Cave del Predil,2020
5,12,14.2,4.2,6.8,9.9,100,,,,,905.2,Cave del Predil,2020
5,13,3.4,4.2,11.1,16.5,86,,,,,905.2,Cave del Predil,2020
5,14,3.4,9.9,15.6,21.4,73,,,,,902.9,Cave del Predil,2020
5,15,38.6,7.4,10.0,14.8,98,,,,,906.0,Cave del Predil,2020
5,16,6.0,6.0,8.5,11.7,95,,,,,914.1,Cave del Predil,2020
5,17,4.4,8.0,12.4,16.5,93,,,,,913.5,Cave del Predil,2020
5,18,0.0,11.8,14.9,19.6,83,,,,,915.2,Cave del Predil,2020
5,19,14.6,12.0,14.0,19.2,85,,,,,912.0,Cave del Predil,2020
5,20,0.4,8.0,14.3,18.9,78,,,,,909.9,Cave del Predil,2020
5,21,0.0,6.0,13.2,20.2,75,,,,,913.3,Cave del Predil,2020
5,22,0.0,7.9,15.0,21.3,76,,,,,916.5,Cave del Predil,2020
5,23,16.6,10.3,16.6,22.6,75,,,,,915.9,Cave del Predil,2020
5,24,0.4,5.6,10.8,17.2,73,,,,,919.3,Cave del Predil,2020
5,25,0.0,6.7,12.3,17.5,69,,,,,918.7,Cave del Predil,2020
5,1,2.6,12.6,16.1,20.3,,,,,,,Cervignano - Scodovacca,2020
5,2,26.0,11.5,15.4,23.1,,,,,,,Cervignano - Scodovacca,2020
5,3,0.2,9.2,16.1,22.5,,,,,,,Cervignano - Scodovacca,2020
5,4,0.0,9.9,15.5,21.6,,,,,,,Cervignano - Scodovacca,2020
5,5,0.0,8.0,14.8,20.8,,,,,,,Cervignano - Scodovacca,2020
5,6,0.0,10.2,16.4,22.4,,,,,,,Cervignano - Scodovacca,2020
5,7,0.0,8.5,15.6,22.0,,,,,,,Cervignano - Scodovacca,2020
5,8,0.0,8.7,16.6,24.7,,,,,,,Cervignano - Scodovacca,2020
5,9,0.0,9.7,16.9,23.4,,,,,,,Cervignano - Scodovacca,2020
5,10,0.0,12.1,17.4,23.1,,,,,,,Cervignano - Scodovacca,2020
5,11,7.8,13.6,16.8,20.7,,,,,,,Cervignano - Scodovacca,2020
5,12,6.6,10.5,14.8,20.4,,,,,,,Cervignano - Scodovacca,2020
5,13,0.0,10.6,17.2,22.6,,,,,,,Cervignano - Scodovacca,2020
5,14,0.0,14.5,20.3,25.6,,,,,,,Cervignano - Scodovacca,2020
5,15,6.6,15.8,18.6,24.0,,,,,,,Cervignano - Scodovacca,2020
5,16,2.0,13.7,17.4,21.9,,,,,,,Cervignano - Scodovacca,2020
5,17,0.2,13.7,20.6,28.5,,,,,,,Cervignano - Scodovacca,2020
5,18,0.0,14.6,21.7,26.9,,,,,,,Cervignano - Scodovacca,2020
5,19,8.4,15.2,19.7,25.0,,,,,,,Cervignano - Scodovacca,2020
5,20,0.2,13.8,20.8,26.1,,,,,,,Cervignano - Scodovacca,2020
5,21,0.0,11.0,19.8,26.5,,,,,,,Cervignano - Scodovacca,2020
5,22,0.0,14.4,19.4,25.0,,,,,,,Cervignano - Scodovacca,2020
5,23,8.2,14.2,20.3,26.5,,,,,,,Cervignano - Scodovacca,2020
5,24,0.4,13.5,19.2,25.6,,,,,,,Cervignano - Scodovacca,2020
5,25,0.0,11.2,18.6,24.1,,,,,,,Cervignano - Scodovacca,2020
5,26,0.2,11.3,17.4,24.0,,,,,,,Cervignano - Scodovacca,2020
5,27,0.0,9.0,18.2,25.5,,,,,,,Cervignano - Scodovacca,2020
5,28,11.6,12.5,17.6,24.7,,,,,,,Cervignano - Scodovacca,2020
5,29,0.6,10.3,17.1,22.8,,,,,,,Cervignano - Scodovacca,2020
5,30,0.0,12.3,18.5,23.6,,,,,,,Cervignano - Scodovacca,2020
5,31,0.0,13.9,18.1,23.4,,,,,,,Cervignano - Scodovacca,2020
5,1,2.0,11.9,16.0,21.4,82,8,31,314,20208,1004.6,Cervignano del Friuli,2020
5,2,25.9,10.9,15.1,24.4,86,6,35,159,17243,1005.3,Cervignano del Friuli,2020
5,3,0.1,7.7,16.0,22.9,65,7,27,134,28541,1012.4,Cervignano del Friuli,2020
5,4,0.0,9.1,15.4,21.8,67,7,32,180,26769,1015.9,Cervignano del Friuli,2020
5,5,0.0,7.4,14.6,22.2,77,4,17,150,11409,1012.0,Cervignano del Friuli,2020
5,6,0.0,9.2,16.2,23.3,60,8,33,55,23457,1014.1,Cervignano del Friuli,2020
5,7,0.0,7.8,15.5,23.3,66,6,28,236,28248,1019.6,Cervignano del Friuli,2020
5,8,0.0,8.4,16.4,25.0,69,6,22,218,27210,1017.7,Cervignano del Friuli,2020
5,9,0.0,9.4,16.8,24.4,69,7,24,214,27142,1013.1,Cervignano del Friuli,2020
5,10,0.0,11.3,17.2,23.9,75,7,26,202,21198,1009.6,Cervignano del Friuli,2020
5,11,7.7,12.5,16.6,21.2,89,13,55,159,11966,1003.9,Cervignano del Friuli,2020
5,12,10.8,9.9,14.4,20.4,84,9,40,45,6013,1008.9,Cervignano del Friuli,2020
5,13,0.0,9.9,16.9,23.2,83,5,19,358,14375,1009.5,Cervignano del Friuli,2020
5,14,0.0,13.8,20.2,26.3,74,6,27,79,24007,1005.0,Cervignano del Friuli,2020
5,15,2.3,15.0,18.3,24.4,79,7,26,219,13956,1008.3,Cervignano del Friuli,2020
5,16,2.3,13.3,17.3,22.3,67,8,34,39,17394,1016.8,Cervignano del Friuli,2020
5,17,0.2,13.1,20.4,29.3,67,7,24,102,23240,1014.3,Cervignano del Friuli,2020
5,18,0.0,13.1,21.2,28.2,59,8,30,46,22172,1015.4,Cervignano del Friuli,2020
5,19,8.0,15.0,19.7,26.9,68,8,36,70,15056,1011.6,Cervignano del Friuli,2020
5,20,0.0,12.1,20.7,27.1,60,10,44,97,25031,1009.6,Cervignano del Friuli,2020
5,21,0.0,9.6,19.6,27.9,59,6,28,225,27336,1015.6,Cervignano del Friuli,2020
5,22,0.0,13.3,19.1,25.0,60,5,23,195,22749,1020.7,Cervignano del Friuli,2020
5,23,15.8,13.8,20.2,27.5,65,6,44,327,20618,1019.2,Cervignano del Friuli,2020
5,24,0.5,12.4,19.2,26.5,64,6,29,37,29052,1021.8,Cervignano del Friuli,2020
5,25,0.0,10.2,18.2,24.9,63,8,31,184,29681,1022.6,Cervignano del Friuli,2020
5,26,0.6,9.4,17.0,25.1,69,6,36,173,22498,1024.8,Cervignano del Friuli,2020
5,27,0.0,7.7,17.7,26.2,59,7,30,216,31113,1025.7,Cervignano del Friuli,2020
5,28,9.9,11.6,17.4,25.1,71,6,39,349,20887,1021.2,Cervignano del Friuli,2020
5,29,1.2,9.2,16.8,24.0,68,5,33,61,20351,1018.2,Cervignano del Friuli,2020
5,30,0.0,10.2,18.1,25.0,57,5,18,108,22622,1014.5,Cervignano del Friuli,2020
5,31,0.0,12.9,17.8,23.5,60,5,26,230,23242,1013.7,Cervignano del Friuli,2020
5,1,11.0,8.1,13.1,17.9,,,,,13718,,Chievolis,2020
5,2,1.2,8.9,13.6,20.5,,,,,16554,,Chievolis,2020
5,3,0.0,6.5,12.9,20.1,,,,,24561,,Chievolis,2020
5,4,0.0,7.7,13.5,20.8,,,,,19409,,Chievolis,2020
5,5,0.0,6.4,12.4,,,,,,11412,,Chievolis,2020
5,6,0.0,7.4,13.6,19.7,,,,,21318,,Chievolis,2020
5,7,0.0,5.5,13.7,21.5,,,,,25906,,Chievolis,2020
5,8,0.0,7.8,15.1,22.5,,,,,23045,,Chievolis,2020
5,9,0.0,9.5,17.1,24.1,,,,,22686,,Chievolis,2020
5,10,1.4,12.8,16.2,21.9,,,,,12884,,Chievolis,2020
5,11,59.4,11.6,13.6,18.2,,,,,6204,,Chievolis,2020
5,12,21.0,10.6,12.9,18.4,,,,,9075,,Chievolis,2020
5,13,3.6,11.0,13.1,16.1,,,,,4652,,Chievolis,2020
5,14,17.6,12.4,17.0,23.0,,,,,18602,,Chievolis,2020
5,15,81.8,13.1,15.0,17.6,,,,,7587,,Chievolis,2020
5,16,32.8,12.5,14.5,17.9,,,,,7799,,Chievolis,2020
5,17,4.2,12.9,18.3,25.7,,,,,23212,,Chievolis,2020
5,18,0.0,11.4,18.1,24.9,,,,,22396,,Chievolis,2020
5,19,11.8,14.2,16.9,21.9,,,,,5420,,Chievolis,2020
5,20,0.0,11.1,18.1,26.4,,,,,18579,,Chievolis,2020
5,21,0.0,9.2,16.7,23.5,,,,,24600,,Chievolis,2020
5,22,0.0,12.2,17.1,22.3,,,,,18741,,Chievolis,2020
5,23,5.0,12.4,18.0,24.2,,,,,20701,,Chievolis,2020
5,24,0.2,9.4,15.8,23.1,,,,,24462,,Chievolis,2020
5,25,0.0,8.4,15.5,22.7,,,,,22362,,Chievolis,2020
5,26,0.0,8.7,15.1,21.1,,,,,21870,,Chievolis,2020
5,27,0.0,6.5,15.2,23.0,,,,,28448,,Chievolis,2020
5,28,0.6,8.9,14.6,23.0,,,,,16704,,Chievolis,2020
5,29,0.2,7.5,15.0,22.6,,,,,18369,,Chievolis,2020
5,30,0.6,7.7,13.7,19.1,,,,,11719,,Chievolis,2020
5,31,0.0,10.8,15.1,19.9,,,,,19582,,Chievolis,2020
5,1,13.9,11.0,15.3,21.0,80,11,30,42,19723,989.3,Cividale del Friuli,2020
5,2,0.2,11.0,15.9,23.3,72,15,48,51,24996,989.7,Cividale del Friuli,2020
5,3,0.0,9.5,15.9,22.3,59,13,32,56,28260,996.8,Cividale del Friuli,2020
5,4,0.0,9.8,15.5,21.6,62,13,29,61,28591,1000.2,Cividale del Friuli,2020
5,5,0.0,9.2,14.4,18.2,69,11,31,56,10449,996.6,Cividale del Friuli,2020
5,6,0.0,10.6,15.6,21.3,59,16,51,62,23844,998.6,Cividale del Friuli,2020
5,7,0.0,9.0,15.5,22.6,62,12,29,57,29412,1003.8,Cividale del Friuli,2020
5,8,0.0,10.1,16.8,24.1,65,11,27,53,28101,1001.9,Cividale del Friuli,2020
5,9,0.0,11.0,17.3,24.6,63,12,28,51,27821,997.5,Cividale del Friuli,2020
5,10,0.0,12.0,17.4,23.5,71,10,30,67,23340,994.1,Cividale del Friuli,2020
5,11,36.7,13.1,14.5,18.3,95,12,43,154,3345,988.9,Cividale del Friuli,2020
5,12,12.3,8.6,12.1,16.7,91,23,60,44,4765,993.8,Cividale del Friuli,2020
5,13,0.8,8.6,14.8,21.0,87,17,46,39,12986,994.4,Cividale del Friuli,2020
5,14,0.0,13.7,19.6,25.3,76,11,55,48,25294,989.8,Cividale del Friuli,2020
5,15,11.4,12.4,15.8,22.2,84,22,56,54,13230,993.5,Cividale del Friuli,2020
5,16,2.0,11.6,15.0,19.1,68,28,62,62,17687,1001.8,Cividale del Friuli,2020
5,17,1.7,12.2,19.2,25.7,69,22,48,63,25011,999.3,Cividale del Friuli,2020
5,18,0.0,16.0,21.2,25.9,54,19,62,57,24257,1000.2,Cividale del Friuli,2020
5,19,6.3,15.0,18.9,23.8,67,23,66,104,10009,996.7,Cividale del Friuli,2020
5,20,0.0,12.7,19.7,26.9,63,11,46,30,19736,994.3,Cividale del Friuli,2020
5,21,0.0,11.0,19.1,24.7,60,9,27,56,26169,1000.3,Cividale del Friuli,2020
5,22,0.0,13.3,18.6,24.0,63,9,23,52,22938,1005.2,Cividale del Friuli,2020
5,23,15.4,14.4,19.6,25.7,68,9,27,325,20009,1003.7,Cividale del Friuli,2020
5,24,0.6,12.2,18.4,24.7,59,12,37,52,32270,1006.2,Cividale del Friuli,2020
5,25,0.0,12.2,18.0,24.0,64,14,31,48,28443,1007.0,Cividale del Friuli,2020
5,26,0.0,11.3,16.8,23.5,64,11,33,64,23569,1009.0,Cividale del Friuli,2020
5,27,0.0,9.8,17.8,25.0,52,9,27,69,32389,1009.7,Cividale del Friuli,2020
5,28,10.0,11.3,16.8,25.0,68,12,40,344,22894,1005.5,Cividale del Friuli,2020
5,29,0.0,8.8,16.3,23.4,62,9,27,131,23259,1002.5,Cividale del Friuli,2020
5,30,0.0,11.7,16.8,22.1,56,9,26,67,18375,999.2,Cividale del Friuli,2020
5,31,0.0,11.1,16.6,21.7,61,9,25,54,24366,998.3,Cividale del Friuli,2020
5,1,1.0,11.4,16.1,21.2,80,8,32,329,,1000.4,Codroipo,2020
5,2,11.5,10.9,16.0,23.5,83,7,45,81,,1001.1,Codroipo,2020
5,3,0.0,10.8,16.1,21.8,64,8,28,77,,1008.1,Codroipo,2020
5,4,0.0,9.6,15.7,22.4,69,6,31,163,,1011.6,Codroipo,2020
5,5,0.0,8.6,14.8,20.0,75,5,15,112,,1007.8,Codroipo,2020
5,6,0.0,10.0,16.4,21.6,60,9,38,116,,1010.0,Codroipo,2020
5,7,0.0,7.5,15.8,23.5,67,6,26,184,,1015.3,Codroipo,2020
5,8,0.0,9.2,17.0,24.9,68,6,32,174,,1013.4,Codroipo,2020
5,9,0.0,11.1,18.1,25.1,68,6,21,172,,1008.7,Codroipo,2020
5,10,0.0,13.0,17.9,23.2,74,6,26,117,,1005.4,Codroipo,2020
5,11,18.7,13.9,16.1,19.9,95,9,39,178,,999.7,Codroipo,2020
5,12,5.9,10.2,14.3,22.7,87,12,55,60,,1004.6,Codroipo,2020
5,13,0.0,10.8,16.4,21.1,88,7,19,326,,1005.5,Codroipo,2020
5,14,0.1,12.4,19.7,25.1,78,6,35,67,,1001.1,Codroipo,2020
5,15,21.3,14.6,17.9,23.8,83,11,37,279,,1004.3,Codroipo,2020
5,16,1.8,13.3,16.7,20.6,72,14,45,53,,1013.1,Codroipo,2020
5,17,1.3,13.6,20.9,27.8,70,10,30,114,,1010.4,Codroipo,2020
5,18,0.0,14.2,21.9,26.5,58,14,33,42,,1011.7,Codroipo,2020
5,19,1.0,15.9,20.5,25.4,65,20,53,82,,1007.9,Codroipo,2020
5,20,0.0,13.4,21.6,27.5,65,8,23,177,,1005.6,Codroipo,2020
5,21,0.1,11.5,19.8,26.5,65,5,19,190,,1011.6,Codroipo,2020
5,22,0.0,13.7,19.4,24.8,62,4,22,179,,1016.5,Codroipo,2020
5,23,8.5,14.1,20.3,26.0,66,6,27,52,,1015.1,Codroipo,2020
5,24,0.0,12.3,18.7,24.9,65,9,48,28,,1017.8,Codroipo,2020
5,25,0.0,11.1,18.6,25.5,68,7,26,161,,1018.3,Codroipo,2020
5,26,0.0,11.1,18.0,25.3,69,5,25,257,,1020.3,Codroipo,2020
5,27,0.0,9.0,18.4,25.9,58,5,19,182,,1021.3,Codroipo,2020
5,28,10.7,10.9,17.9,26.1,68,6,45,19,,1016.9,Codroipo,2020
5,29,0.1,10.5,17.8,24.0,64,6,29,117,,1013.9,Codroipo,2020
5,30,0.2,11.0,17.5,24.8,66,5,21,139,,1010.5,Codroipo,2020
5,31,0.4,13.5,18.0,23.7,66,4,19,178,,1009.6,Codroipo,2020
5,1,7.3,7.3,12.9,19.0,82,5,26,198,16020,953.2,Enemonzo,2020
5,2,4.7,6.5,12.9,20.5,84,5,24,167,15918,954.1,Enemonzo,2020
5,3,0.1,5.7,12.5,20.2,70,6,27,141,25101,960.7,Enemonzo,2020
5,4,0.0,6.7,12.8,19.8,74,7,34,60,18032,963.7,Enemonzo,2020
5,5,0.1,5.4,11.6,17.4,81,4,26,92,10726,960.6,Enemonzo,2020
5,6,0.0,5.8,13.6,20.4,68,8,30,99,22142,961.9,Enemonzo,2020
5,7,0.0,4.2,13.1,20.6,72,9,36,90,25711,967.2,Enemonzo,2020
5,8,0.0,6.5,14.7,21.9,75,8,36,69,21829,965.4,Enemonzo,2020
5,9,0.0,8.4,16.4,23.1,71,8,37,95,22357,960.8,Enemonzo,2020
5,10,0.2,11.0,15.8,21.5,76,5,25,88,15036,957.6,Enemonzo,2020
5,11,20.9,11.5,13.4,17.1,94,6,30,98,10760,952.1,Enemonzo,2020
5,12,7.4,8.8,12.1,18.1,93,6,35,26,13184,957.0,Enemonzo,2020
5,13,2.0,8.5,12.0,15.3,98,2,8,45,4967,958.9,Enemonzo,2020
5,14,23.7,9.9,16.8,23.5,82,7,35,84,23530,954.1,Enemonzo,2020
5,15,18.6,12.5,15.0,19.1,93,5,31,93,11845,957.1,Enemonzo,2020
5,16,11.1,11.1,13.7,17.3,91,4,12,7,10305,965.8,Enemonzo,2020
5,17,6.5,11.1,16.7,25.1,85,5,23,92,20623,964.0,Enemonzo,2020
5,18,0.1,9.2,17.6,25.3,78,6,24,53,22288,965.3,Enemonzo,2020
5,19,5.8,12.8,15.9,21.7,92,4,18,256,7557,962.7,Enemonzo,2020
5,20,0.0,9.6,17.8,25.9,69,6,29,345,19692,959.6,Enemonzo,2020
5,21,0.0,7.5,16.1,22.4,75,8,38,94,24045,964.4,Enemonzo,2020
5,22,0.0,11.6,16.6,21.8,78,8,31,53,21740,968.7,Enemonzo,2020
5,23,6.2,12.4,17.4,24.2,78,6,38,43,19879,967.8,Enemonzo,2020
5,24,0.2,7.8,14.4,22.2,73,6,23,92,23131,971.0,Enemonzo,2020
5,25,0.0,8.1,15.1,21.6,71,7,27,67,20336,970.8,Enemonzo,2020
5,26,0.0,6.9,15.2,21.9,61,9,37,83,26583,972.3,Enemonzo,2020
5,27,0.0,4.6,14.8,23.6,61,6,28,84,28294,973.7,Enemonzo,2020
5,28,0.1,6.9,13.9,22.7,74,5,19,88,15215,969.7,Enemonzo,2020
5,29,0.0,4.7,13.7,21.4,62,6,31,96,18513,967.0,Enemonzo,2020
5,30,0.0,5.2,13.1,19.1,74,5,27,83,14702,963.5,Enemonzo,2020
5,31,0.1,9.0,14.5,20.2,71,7,32,83,20715,962.0,Enemonzo,2020
5,1,7.9,9.8,15.2,20.2,79,11,42,285,20290,988.8,Fagagna,2020
5,2,0.1,10.6,15.7,22.3,75,11,46,115,21051,989.3,Fagagna,2020
5,3,0.0,11.1,15.9,21.1,54,12,40,21,28122,996.2,Fagagna,2020
5,4,0.0,9.3,15.3,21.1,64,10,29,279,25324,999.8,Fagagna,2020
5,5,0.0,10.0,14.8,18.7,72,9,27,18,12458,996.0,Fagagna,2020
5,6,0.0,8.4,15.7,21.0,60,11,35,98,22018,998.2,Fagagna,2020
5,7,0.0,8.9,15.5,22.7,64,11,26,164,27687,1003.4,Fagagna,2020
5,8,0.0,9.9,16.7,24.5,67,9,26,273,25821,1001.5,Fagagna,2020
5,9,0.0,11.7,18.1,24.7,64,9,28,126,26140,996.8,Fagagna,2020
5,10,0.0,13.0,17.6,23.1,73,9,23,148,20175,993.6,Fagagna,2020
5,11,90.5,12.9,14.3,15.8,97,9,37,168,3972,988.4,Fagagna,2020
5,12,15.7,9.8,13.1,20.1,92,10,55,92,8223,993.1,Fagagna,2020
5,13,0.2,10.1,14.8,19.3,92,12,28,11,8980,994.1,Fagagna,2020
5,14,0.4,12.5,18.9,24.5,79,9,41,88,22753,989.5,Fagagna,2020
5,15,5.6,14.2,17.1,21.6,82,13,39,85,15031,992.7,Fagagna,2020
5,16,2.0,13.0,15.8,20.4,78,9,32,77,14279,1001.4,Fagagna,2020
5,17,3.1,13.1,19.8,26.2,71,15,39,94,26215,998.8,Fagagna,2020
5,18,0.0,15.8,21.1,26.0,61,13,31,38,23606,1000.0,Fagagna,2020
5,19,9.9,15.3,19.6,26.3,71,13,42,92,11395,996.4,Fagagna,2020
5,20,0.0,13.2,20.8,25.9,62,12,30,28,22716,994.0,Fagagna,2020
5,21,0.0,11.5,19.0,25.0,63,7,23,7,24785,1000.0,Fagagna,2020
5,22,0.0,12.5,18.7,23.5,64,8,22,213,23724,1004.8,Fagagna,2020
5,23,9.6,14.3,19.7,25.7,67,8,26,358,19061,1003.4,Fagagna,2020
5,24,0.1,11.6,18.3,24.2,57,13,44,8,29720,1006.1,Fagagna,2020
5,25,0.0,11.9,17.9,23.8,65,10,34,226,24657,1006.7,Fagagna,2020
5,26,0.0,11.4,17.3,23.3,70,9,28,281,26988,1008.6,Fagagna,2020
5,27,0.0,9.9,18.0,24.8,53,10,25,28,30157,1009.5,Fagagna,2020
5,28,6.2,11.1,17.2,24.7,64,12,39,304,22718,1005.1,Fagagna,2020
5,29,0.1,9.7,17.0,23.6,61,9,26,152,27742,1002.1,Fagagna,2020
5,30,0.6,11.1,16.7,21.9,62,7,26,18,20155,998.8,Fagagna,2020
5,31,0.0,12.4,17.2,21.9,64,7,23,237,23298,997.8,Fagagna,2020
5,1,5.2,3.6,9.0,16.2,87,5,30,314,14691,902.4,Forni di Sopra,2020
5,2,0.3,3.8,10.5,17.7,81,5,30,77,19135,903.1,Forni di Sopra,2020
5,3,0.0,2.9,10.4,17.7,55,6,29,88,27100,909.1,Forni di Sopra,2020
5,4,0.0,5.4,10.6,17.9,73,4,31,107,21959,912.0,Forni di Sopra,2020
5,5,0.2,4.6,9.7,17.1,84,3,22,107,11887,909.0,Forni di Sopra,2020
5,6,0.0,5.0,11.2,17.5,71,5,24,80,22649,910.5,Forni di Sopra,2020
5,7,0.0,3.7,11.9,20.7,70,5,27,136,27695,915.1,Forni di Sopra,2020
5,8,0.0,6.7,13.6,21.4,73,5,31,78,25305,913.7,Forni di Sopra,2020
5,9,0.0,8.1,14.8,21.8,71,5,27,89,26260,909.6,Forni di Sopra,2020
5,10,0.6,9.9,13.3,19.8,81,3,23,100,15085,906.6,Forni di Sopra,2020
5,11,14.2,9.1,11.5,17.7,90,4,24,131,12340,900.8,Forni di Sopra,2020
5,12,4.4,7.0,10.3,17.9,94,4,27,86,14713,905.2,Forni di Sopra,2020
5,13,2.6,7.0,9.9,12.7,99,2,15,90,6121,907.3,Forni di Sopra,2020
5,14,12.4,8.2,13.8,20.4,82,5,26,83,20989,903.9,Forni di Sopra,2020
5,15,30.9,9.4,12.2,16.3,94,4,29,338,10871,906.1,Forni di Sopra,2020
5,16,8.8,8.6,10.7,13.2,96,3,17,180,9034,914.2,Forni di Sopra,2020
5,17,7.0,9.8,14.2,22.7,85,5,25,88,22602,913.1,Forni di Sopra,2020
5,18,0.0,8.3,15.6,22.6,75,5,22,101,24134,914.6,Forni di Sopra,2020
5,19,9.6,10.2,13.3,18.6,87,4,24,329,6768,912.2,Forni di Sopra,2020
5,20,0.1,8.6,15.6,22.7,62,6,36,356,19400,909.4,Forni di Sopra,2020
5,21,0.0,7.3,14.8,21.8,67,5,27,84,27979,913.2,Forni di Sopra,2020
5,22,0.0,10.3,15.0,21.2,79,4,28,115,25060,917.1,Forni di Sopra,2020
5,23,7.4,10.1,15.2,22.2,81,5,28,300,21890,916.4,Forni di Sopra,2020
5,24,0.1,6.5,12.0,19.8,63,6,36,304,23088,919.3,Forni di Sopra,2020
5,25,0.0,7.1,13.9,20.5,50,6,40,48,25380,918.9,Forni di Sopra,2020
5,26,0.0,6.1,12.8,19.0,51,5,28,108,22612,920.6,Forni di Sopra,2020
5,27,0.0,4.1,12.8,20.4,55,6,24,41,30600,921.8,Forni di Sopra,2020
5,28,0.0,6.0,12.0,19.2,67,4,21,84,14936,917.8,Forni di Sopra,2020
5,29,0.0,4.0,10.6,16.7,60,5,30,130,18174,915.5,Forni di Sopra,2020
5,30,0.3,4.8,10.2,17.3,74,4,22,122,10763,912.2,Forni di Sopra,2020
5,31,0.0,7.3,11.7,17.2,76,4,24,114,20706,910.7,Forni di Sopra,2020
5,1,7.3,13.1,16.5,19.9,85,12,30,83,22079,1005.4,Fossalon,2020
5,2,3.7,11.6,16.1,22.4,85,9,36,50,22372,1005.9,Fossalon,2020
5,3,0.0,12.7,17.2,22.7,60,14,41,68,29834,1013.1,Fossalon,2020
5,4,0.0,9.2,15.7,21.6,71,8,23,207,28921,1016.8,Fossalon,2020
5,5,0.0,10.0,15.8,20.8,76,6,21,194,12998,1012.5,Fossalon,2020
5,6,0.0,10.4,16.5,21.6,62,19,55,79,23975,1015.0,Fossalon,2020
5,7,0.0,8.4,15.7,21.6,67,8,24,229,29088,1020.5,Fossalon,2020
5,8,0.0,8.7,16.7,24.0,73,6,17,254,28107,1018.5,Fossalon,2020
5,9,0.0,9.6,17.3,23.5,73,9,26,226,28497,1013.9,Fossalon,2020
5,10,0.0,12.8,17.8,22.9,78,10,31,205,23363,1010.4,Fossalon,2020
5,11,9.2,13.6,16.8,21.1,90,18,48,192,12022,1004.6,Fossalon,2020
5,12,1.9,11.0,15.6,22.0,80,22,62,75,13926,1009.2,Fossalon,2020
5,13,0.0,11.1,18.1,23.0,81,6,21,27,17470,1009.8,Fossalon,2020
5,14,0.7,14.7,20.3,24.5,78,11,42,82,25666,1006.2,Fossalon,2020
5,15,1.3,17.5,19.5,24.4,81,14,45,89,15961,1009.2,Fossalon,2020
5,16,2.7,13.7,16.8,20.4,71,22,55,88,17632,1017.5,Fossalon,2020
5,17,0.1,13.2,20.6,28.5,69,16,47,85,27112,1015.2,Fossalon,2020
5,18,0.0,18.0,22.0,26.4,59,22,59,55,23166,1016.4,Fossalon,2020
5,19,12.1,15.5,20.1,23.8,66,21,55,71,12470,1012.4,Fossalon,2020
5,20,0.5,17.8,20.9,24.0,61,26,60,87,22818,1010.8,Fossalon,2020
5,21,0.0,13.0,21.0,26.6,55,12,38,89,30585,1016.7,Fossalon,2020
5,22,0.0,14.4,19.3,24.3,62,6,15,225,22334,1021.9,Fossalon,2020
5,23,7.0,14.9,20.5,26.5,66,7,42,355,21591,1020.2,Fossalon,2020
5,24,1.2,14.6,20.1,25.0,63,13,45,66,30807,1022.9,Fossalon,2020
5,25,0.0,13.5,19.1,23.5,66,10,29,110,30386,1023.7,Fossalon,2020
5,26,0.1,11.9,18.7,23.9,61,10,25,244,20362,1025.6,Fossalon,2020
5,27,0.0,10.5,19.0,24.4,59,10,30,232,32129,1026.5,Fossalon,2020
5,28,4.2,13.1,18.1,24.0,72,9,39,36,21334,1022.1,Fossalon,2020
5,29,0.0,10.7,18.6,25.2,60,11,41,74,28896,1018.8,Fossalon,2020
5,30,0.0,14.2,19.4,25.7,49,13,33,103,24641,1015.3,Fossalon,2020
5,31,0.0,14.0,18.6,23.0,53,9,25,234,24676,1014.7,Fossalon,2020
5,1,34.1,10.1,14.4,20.6,80,8,37,352,17438,983.0,Gemona del Friuli,2020
5,2,0.2,10.5,15.3,22.1,73,9,44,175,20547,983.4,Gemona del Friuli,2020
5,3,0.0,8.8,15.2,21.3,56,9,30,0,27533,990.1,Gemona del Friuli,2020
5,4,0.0,8.2,14.7,21.5,64,6,24,227,22449,993.7,Gemona del Friuli,2020
5,5,0.0,7.8,13.9,18.9,73,6,32,2,11092,990.3,Gemona del Friuli,2020
5,6,0.0,7.2,14.9,20.9,67,7,24,204,22758,992.0,Gemona del Friuli,2020
5,7,0.0,7.9,15.0,22.6,64,8,28,352,27129,997.3,Gemona del Friuli,2020
5,8,0.0,8.4,16.1,23.3,70,6,24,172,24585,995.4,Gemona del Friuli,2020
5,9,0.0,9.9,17.9,24.8,63,7,32,92,25461,990.7,Gemona del Friuli,2020
5,10,0.2,11.4,17.1,23.0,75,6,26,144,18118,987.7,Gemona del Friuli,2020
5,11,84.2,12.5,14.1,18.7,94,8,42,114,6341,982.6,Gemona del Friuli,2020
5,12,13.3,9.4,12.6,19.7,94,5,33,100,7891,987.3,Gemona del Friuli,2020
5,13,0.8,9.4,14.0,19.6,89,6,26,356,8519,988.4,Gemona del Friuli,2020
5,14,11.5,11.6,18.7,24.8,79,6,27,251,25274,983.3,Gemona del Friuli,2020
5,15,17.1,12.8,16.0,20.1,90,7,38,140,10109,986.9,Gemona del Friuli,2020
5,16,12.9,11.5,15.0,21.5,82,5,26,332,13302,995.5,Gemona del Friuli,2020
5,17,4.1,12.7,19.5,26.8,69,10,41,3,24599,992.4,Gemona del Friuli,2020
5,18,0.0,15.3,20.3,26.3,67,8,34,3,22289,993.6,Gemona del Friuli,2020
5,19,8.5,15.5,19.8,27.5,67,10,42,322,11665,990.0,Gemona del Friuli,2020
5,20,0.0,12.7,21.4,27.8,51,10,42,39,20396,987.4,Gemona del Friuli,2020
5,21,0.0,11.6,18.7,24.5,64,6,24,0,26967,993.6,Gemona del Friuli,2020
5,22,0.0,13.2,18.4,23.9,68,5,19,214,22872,998.5,Gemona del Friuli,2020
5,23,5.4,13.7,19.1,25.9,70,6,37,352,20393,997.2,Gemona del Friuli,2020
5,24,0.0,13.2,18.2,24.6,51,9,37,29,26657,999.7,Gemona del Friuli,2020
5,25,0.0,11.5,17.2,24.2,64,8,26,0,23857,1000.5,Gemona del Friuli,2020
5,26,0.0,9.2,16.6,23.8,67,6,25,214,25963,1002.5,Gemona del Friuli,2020
5,27,0.0,9.1,17.6,24.5,50,9,33,0,29743,1003.3,Gemona del Friuli,2020
5,28,0.0,9.6,16.8,25.1,60,9,35,352,22257,999.0,Gemona del Friuli,2020
5,29,0.0,9.3,16.7,23.7,53,6,25,118,22165,995.9,Gemona del Friuli,2020
5,30,0.0,10.1,15.8,20.8,61,5,24,15,15541,993.1,Gemona del Friuli,2020
5,31,0.0,10.4,16.4,21.6,60,5,25,348,21519,991.9,Gemona del Friuli,2020
5,1,5.8,11.6,15.6,20.0,82,7,24,194,,,Gorgo,2020
5,2,2.8,10.9,15.8,21.9,81,6,27,117,,,Gorgo,2020
5,3,0.0,10.2,15.5,20.7,63,6,27,161,,,Gorgo,2020
5,4,0.0,9.3,14.8,19.4,69,6,31,182,,,Gorgo,2020
5,5,0.0,8.6,14.3,20.1,79,4,21,114,,,Gorgo,2020
5,6,0.0,9.3,15.4,20.9,65,8,39,31,,,Gorgo,2020
5,7,0.0,8.5,15.0,20.9,66,7,30,162,,,Gorgo,2020
5,8,0.0,8.9,15.9,22.8,72,5,25,188,,,Gorgo,2020
5,9,0.2,10.0,16.5,23.3,74,5,21,197,,,Gorgo,2020
5,10,0.0,12.3,17.0,21.5,79,6,23,184,,,Gorgo,2020
5,11,10.0,14.0,16.7,19.5,89,11,43,195,,,Gorgo,2020
5,12,1.0,10.1,14.9,21.4,79,9,44,69,,,Gorgo,2020
5,13,0.0,10.0,16.4,21.4,80,6,20,1,,,Gorgo,2020
5,14,0.0,12.0,19.3,24.7,74,5,25,204,,,Gorgo,2020
5,15,9.4,15.5,18.2,22.8,81,5,25,197,,,Gorgo,2020
5,16,2.8,13.5,17.0,20.9,68,9,28,12,,,Gorgo,2020
5,17,0.6,13.2,20.0,27.3,68,8,26,52,,,Gorgo,2020
5,18,0.0,15.2,21.2,26.3,56,9,31,75,,,Gorgo,2020
5,19,8.6,15.3,19.6,25.3,66,12,39,75,,,Gorgo,2020
5,20,0.0,12.7,19.5,24.0,70,7,38,67,,,Gorgo,2020
5,21,0.0,11.3,19.8,25.7,58,5,29,205,,,Gorgo,2020
5,22,0.0,13.9,18.9,23.6,62,5,20,195,,,Gorgo,2020
5,23,9.2,13.8,20.0,26.0,62,6,41,333,,,Gorgo,2020
5,24,0.0,12.4,18.4,24.6,64,5,25,96,,,Gorgo,2020
5,25,0.2,10.7,18.2,23.1,65,8,30,208,,,Gorgo,2020
5,26,0.0,11.1,17.7,23.2,63,6,30,195,,,Gorgo,2020
5,27,0.0,10.3,17.8,24.5,56,6,29,196,,,Gorgo,2020
5,28,2.6,11.2,17.4,23.9,65,7,35,18,,,Gorgo,2020
5,29,0.0,10.1,17.7,23.1,58,5,29,75,,,Gorgo,2020
5,30,0.0,11.7,18.1,22.7,53,5,20,127,,,Gorgo,2020
5,31,0.2,13.0,17.6,21.9,57,6,27,210,,,Gorgo,2020
5,1,2.5,12.4,15.8,21.4,78,10,29,67,20556,1003.2,Gradisca d'Is.,2020
5,2,4.1,12.0,15.5,23.6,79,8,44,133,15355,1003.8,Gradisca d'Is.,2020
5,3,0.2,8.0,16.5,23.2,55,8,39,137,27843,1010.7,Gradisca d'Is.,2020
5,4,0.0,9.4,15.6,21.9,58,8,28,251,26721,1014.4,Gradisca d'Is.,2020
5,5,0.0,9.1,14.9,20.5,67,7,19,185,10870,1010.4,Gradisca d'Is.,2020
5,6,0.0,7.4,16.1,22.3,51,12,45,77,23592,1012.7,Gradisca d'Is.,2020
5,7,0.0,7.3,15.7,22.9,57,8,28,227,28732,1018.0,Gradisca d'Is.,2020
5,8,0.0,9.7,17.2,25.5,58,8,23,209,27230,1016.0,Gradisca d'Is.,2020
5,9,0.0,11.2,17.7,26.1,54,8,26,209,27250,1011.5,Gradisca d'Is.,2020
5,10,0.0,12.7,17.9,25.1,65,8,26,218,22770,1008.0,Gradisca d'Is.,2020
5,11,8.0,13.1,16.0,21.4,85,11,45,174,10696,1002.5,Gradisca d'Is.,2020
5,12,7.6,10.0,14.0,19.1,78,15,48,47,5121,1007.4,Gradisca d'Is.,2020
5,13,0.0,10.1,16.7,22.3,78,9,26,49,15830,1007.9,Gradisca d'Is.,2020
5,14,0.8,14.1,20.3,26.2,69,9,46,81,23512,1003.6,Gradisca d'Is.,2020
5,15,7.2,14.6,17.7,22.4,75,12,39,96,12053,1007.2,Gradisca d'Is.,2020
5,16,2.2,13.2,16.7,20.7,61,18,58,82,18590,1015.5,Gradisca d'Is.,2020
5,17,0.1,13.2,20.2,26.8,62,15,40,67,24380,1013.0,Gradisca d'Is.,2020
5,18,0.0,13.3,21.5,26.4,52,13,51,62,22913,1014.1,Gradisca d'Is.,2020
5,19,9.1,14.7,19.9,25.4,62,14,58,60,12858,1010.2,Gradisca d'Is.,2020
5,20,0.1,12.9,21.8,25.9,48,18,53,72,27655,1008.1,Gradisca d'Is.,2020
5,21,0.0,10.2,19.8,26.3,50,7,27,72,27570,1014.2,Gradisca d'Is.,2020
5,22,0.0,13.0,19.3,25.1,52,7,25,204,22153,1019.3,Gradisca d'Is.,2020
5,23,14.8,14.9,20.5,27.5,55,8,35,352,21004,1017.7,Gradisca d'Is.,2020
5,24,1.8,13.7,19.5,25.8,54,8,37,67,30170,1020.2,Gradisca d'Is.,2020
5,25,0.0,12.8,19.0,25.1,53,9,28,232,29757,1021.1,Gradisca d'Is.,2020
5,26,0.3,10.4,17.5,24.7,59,7,32,213,23228,1023.1,Gradisca d'Is.,2020
5,27,0.0,8.6,18.5,26.0,47,8,33,206,31370,1023.9,Gradisca d'Is.,2020
5,28,7.9,12.2,17.6,25.0,63,9,35,6,21332,1019.7,Gradisca d'Is.,2020
5,29,0.9,9.4,17.0,23.5,60,6,40,67,21496,1016.6,Gradisca d'Is.,2020
5,30,0.0,10.4,17.9,23.4,50,7,21,86,21227,1013.0,Gradisca d'Is.,2020
5,31,0.0,11.9,18.0,23.2,50,6,25,254,25278,1012.1,Gradisca d'Is.,2020
5,1,12.4,14.9,16.6,18.2,,,,,,1005.1,Grado-mare,2020
5,2,4.6,15.0,17.2,19.1,,,,,,1005.4,Grado-mare,2020
5,3,0.0,14.5,17.3,20.2,,,,,,1012.6,Grado-mare,2020
5,4,0.0,13.9,16.8,18.5,,,,,,1016.5,Grado-mare,2020
5,5,0.0,14.6,17.3,19.2,,,,,,1011.9,Grado-mare,2020
5,6,0.0,14.9,17.2,19.4,,,,,,1014.5,Grado-mare,2020
5,7,0.0,12.2,16.5,18.6,,,,,,1020.4,Grado-mare,2020
5,8,0.0,13.4,17.7,20.2,,,,,,1018.3,Grado-mare,2020
5,9,,,,,,,,,,,Grado-mare,2020
5,11,,,,,,,,,,,Grado-mare,2020
5,26,,,,,,,,,,,Grado-mare,2020
5,27,0.0,16.5,19.8,22.2,,,,,,1026.3,Grado-mare,2020
5,28,4.2,16.4,19.2,21.6,67,10,40,11,,1021.6,Grado-mare,2020
5,29,,,,,,,18,51,,,Grado-mare,2020
5,1,8.4,11.2,15.6,20.7,83,8,29,333,,,Lauzacco,2020
5,2,0.2,11.0,15.8,24.0,79,7,42,102,,,Lauzacco,2020
5,3,0.4,9.3,16.2,22.0,59,8,27,70,,,Lauzacco,2020
5,4,0.0,9.4,15.4,21.0,66,8,33,205,,,Lauzacco,2020
5,5,0.0,8.3,14.5,19.4,75,5,17,5,,,Lauzacco,2020
5,6,0.0,8.7,16.0,21.3,59,9,36,54,,,Lauzacco,2020
5,7,0.0,7.7,15.3,22.5,66,7,30,233,,,Lauzacco,2020
5,8,0.0,9.2,16.6,24.4,67,6,23,235,,,Lauzacco,2020
5,9,0.0,10.8,17.2,24.2,67,7,23,177,,,Lauzacco,2020
5,10,0.0,12.0,17.4,23.2,74,8,28,158,,,Lauzacco,2020
5,11,16.4,12.7,15.5,18.7,97,9,42,171,,,Lauzacco,2020
5,12,8.4,9.1,13.3,20.9,90,11,42,66,,,Lauzacco,2020
5,13,0.0,9.2,16.0,20.8,87,7,24,37,,,Lauzacco,2020
5,14,0.0,13.0,19.6,26.0,77,6,30,45,,,Lauzacco,2020
5,15,10.8,13.6,16.9,22.2,85,9,46,225,,,Lauzacco,2020
5,16,2.0,12.9,16.3,20.4,70,12,36,39,,,Lauzacco,2020
5,17,0.8,12.8,20.1,27.3,69,10,29,76,,,Lauzacco,2020
5,18,0.0,16.1,21.6,25.6,53,13,33,84,,,Lauzacco,2020
5,19,2.6,14.8,19.5,24.6,68,17,55,54,,,Lauzacco,2020
5,20,0.0,12.3,20.3,26.9,64,7,30,100,,,Lauzacco,2020
5,21,0.0,10.0,19.4,25.7,60,5,19,47,,,Lauzacco,2020
5,22,0.0,14.2,19.2,24.3,60,6,27,199,,,Lauzacco,2020
5,23,16.6,14.1,20.0,27.1,65,6,29,326,,,Lauzacco,2020
5,24,0.2,12.0,18.5,25.5,63,7,27,62,,,Lauzacco,2020
5,25,0.0,11.1,18.1,24.3,66,8,31,196,,,Lauzacco,2020
5,26,0.8,10.3,17.0,23.6,69,6,28,215,,,Lauzacco,2020
5,27,0.0,8.7,17.7,25.1,56,6,28,232,,,Lauzacco,2020
5,28,6.0,11.6,17.0,24.5,70,7,41,96,,,Lauzacco,2020
5,29,0.4,9.9,16.8,23.9,65,5,32,85,,,Lauzacco,2020
5,30,0.0,10.8,17.5,22.7,60,5,21,261,,,Lauzacco,2020
5,31,0.0,12.2,17.3,22.4,60,6,25,230,,,Lauzacco,2020
5,1,7.3,14.0,16.6,18.5,81,18,42,344,21745,1004.7,Lignano Sabbiadoro,2020
5,2,1.2,14.7,17.2,20.6,79,14,47,340,23816,1005.6,Lignano Sabbiadoro,2020
5,3,0.0,14.7,17.5,21.9,56,20,52,80,28389,1012.8,Lignano Sabbiadoro,2020
5,4,0.0,14.8,17.3,19.1,65,12,33,193,27628,1016.2,Lignano Sabbiadoro,2020
5,5,0.0,14.2,16.9,19.4,77,10,22,82,13765,1012.0,Lignano Sabbiadoro,2020
5,6,0.0,15.2,17.2,19.6,61,23,63,78,24242,1014.5,Lignano Sabbiadoro,2020
5,7,0.0,13.4,17.0,19.2,63,13,36,193,28094,1019.9,Lignano Sabbiadoro,2020
5,8,0.0,14.1,18.1,21.7,72,9,22,180,27472,1017.9,Lignano Sabbiadoro,2020
5,9,0.0,15.3,18.5,20.6,75,12,31,174,26818,1013.1,Lignano Sabbiadoro,2020
5,10,0.0,16.5,18.3,19.5,78,17,42,179,22679,1009.4,Lignano Sabbiadoro,2020
5,11,6.5,15.2,17.8,19.0,85,26,61,170,14904,1003.4,Lignano Sabbiadoro,2020
5,12,1.9,12.5,16.5,19.7,78,27,72,80,14522,1007.9,Lignano Sabbiadoro,2020
5,13,0.0,12.3,17.8,21.1,81,13,37,18,15135,1010.2,Lignano Sabbiadoro,2020
5,14,0.0,16.6,20.1,23.2,74,11,53,83,25037,1004.8,Lignano Sabbiadoro,2020
5,15,13.2,17.3,19.2,20.6,80,17,49,256,14808,1007.8,Lignano Sabbiadoro,2020
5,16,1.2,14.8,17.5,20.0,67,24,52,63,15928,1016.6,Lignano Sabbiadoro,2020
5,17,0.0,14.7,20.2,27.0,68,22,50,71,25261,1014.7,Lignano Sabbiadoro,2020
5,18,0.0,18.3,21.8,24.7,59,24,47,46,20787,1015.0,Lignano Sabbiadoro,2020
5,19,32.0,16.4,20.6,23.3,66,30,63,74,13659,1011.0,Lignano Sabbiadoro,2020
5,20,0.0,17.9,20.7,22.7,64,25,69,97,23792,1009.8,Lignano Sabbiadoro,2020
5,21,0.0,18.6,21.4,25.5,49,12,46,80,28822,1015.4,Lignano Sabbiadoro,2020
5,22,0.0,18.2,20.1,22.0,59,8,21,162,21241,1020.6,Lignano Sabbiadoro,2020
5,23,4.7,17.1,20.4,23.2,62,13,67,335,22147,1019.0,Lignano Sabbiadoro,2020
5,24,0.0,16.6,20.1,24.3,60,13,54,43,29058,1021.8,Lignano Sabbiadoro,2020
5,25,0.0,16.7,19.6,21.5,65,16,53,97,30085,1022.2,Lignano Sabbiadoro,2020
5,26,1.4,16.3,19.6,22.3,57,12,40,117,27719,1024.3,Lignano Sabbiadoro,2020
5,27,0.0,16.5,20.4,23.4,50,11,32,224,30577,1025.2,Lignano Sabbiadoro,2020
5,28,10.3,16.2,19.2,23.4,65,17,55,107,21992,1020.6,Lignano Sabbiadoro,2020
5,29,0.0,14.1,19.1,22.6,56,13,52,44,22489,1018.0,Lignano Sabbiadoro,2020
5,30,0.0,16.9,19.7,23.1,48,17,46,87,21419,1014.5,Lignano Sabbiadoro,2020
5,31,0.0,16.8,18.9,20.7,51,12,31,176,22713,1014.0,Lignano Sabbiadoro,2020
5,1,7.2,13.2,16.1,19.1,81,8,31,75,21582,1004.9,Monfalcone,2020
5,2,6.6,12.5,15.5,22.3,84,3,26,176,19791,1005.3,Monfalcone,2020
5,3,0.0,11.1,16.9,21.6,59,7,35,88,29929,1012.6,Monfalcone,2020
5,4,0.0,9.9,15.5,21.0,63,4,21,209,29140,1016.3,Monfalcone,2020
5,5,0.0,9.3,15.4,19.6,69,1,14,218,10371,1011.9,Monfalcone,2020
5,6,0.0,11.6,16.4,20.6,55,13,58,94,22952,1014.2,Monfalcone,2020
5,7,0.0,9.8,15.4,21.0,62,4,21,198,29891,1020.0,Monfalcone,2020
5,8,0.0,8.9,16.0,22.9,74,3,15,94,28458,1018.1,Monfalcone,2020
5,9,0.0,10.2,17.3,22.4,65,3,19,227,27718,1013.5,Monfalcone,2020
5,10,0.0,14.1,17.8,22.9,70,3,21,222,22683,1010.0,Monfalcone,2020
5,11,9.4,13.4,16.5,19.7,87,11,41,170,9405,1004.0,Monfalcone,2020
5,12,4.2,10.6,14.8,19.2,79,12,51,62,11803,1008.4,Monfalcone,2020
5,13,0.0,10.9,17.8,23.3,77,1,12,67,16165,1009.5,Monfalcone,2020
5,14,0.0,14.5,19.6,25.1,77,6,39,92,25068,1006.0,Monfalcone,2020
5,15,2.4,16.7,18.6,22.4,77,10,37,78,10256,1008.9,Monfalcone,2020
5,16,2.4,13.6,16.5,20.0,66,9,54,83,16527,1016.9,Monfalcone,2020
5,17,0.0,13.8,20.3,26.7,64,8,45,82,24962,1015.0,Monfalcone,2020
5,18,0.0,19.0,22.0,25.0,53,12,52,94,22327,1016.3,Monfalcone,2020
5,19,7.8,15.2,19.9,22.8,63,13,60,86,9463,1011.5,Monfalcone,2020
5,20,0.2,16.3,20.8,23.6,58,13,56,68,22826,1010.6,Monfalcone,2020
5,21,0.0,15.7,21.0,25.8,49,8,41,82,28324,1016.6,Monfalcone,2020
5,22,0.0,14.3,18.8,24.0,59,3,19,82,21213,1021.7,Monfalcone,2020
5,23,3.4,15.2,19.8,24.5,66,3,15,299,20323,1020.1,Monfalcone,2020
5,24,0.4,14.5,19.4,24.2,63,6,25,69,29347,1022.7,Monfalcone,2020
5,25,0.0,13.7,18.4,22.3,61,6,36,92,29548,1023.5,Monfalcone,2020
5,26,0.0,12.3,18.6,22.8,56,4,24,102,20544,1025.4,Monfalcone,2020
5,27,0.0,10.6,18.9,25.1,50,4,20,217,30631,1026.3,Monfalcone,2020
5,28,1.4,13.1,17.5,23.1,67,4,19,176,21474,1021.7,Monfalcone,2020
5,29,0.0,10.7,18.4,24.0,55,8,46,92,29604,1018.5,Monfalcone,2020
5,30,0.0,15.9,19.1,23.5,46,8,27,75,22059,1015.1,Monfalcone,2020
5,31,0.0,14.0,18.3,22.5,51,5,22,227,23340,1014.4,Monfalcone,2020
5,1,14.2,-0.3,3.9,7.9,88,8,45,280,19295,813.7,Monte Lussari sm,2020
5,2,7.4,0.3,4.8,11.5,82,9,41,0,20913,814.9,Monte Lussari sm,2020
5,3,0.0,-0.9,2.5,6.2,64,10,33,60,24657,820.9,Monte Lussari sm,2020
5,4,0.0,1.5,4.9,10.9,76,12,40,238,21354,822.7,Monte Lussari sm,2020
5,5,0.6,2.5,4.9,7.5,86,10,35,248,8582,820.1,Monte Lussari sm,2020
5,6,,,,,,,26,70,,,Monte Lussari sm,2020
5,11,,,,,,,,,,813.0,Monte Lussari sm,2020
5,12,10.4,-0.6,2.1,4.8,100,11,35,70,7054,817.6,Monte Lussari sm,2020
5,13,2.4,4.0,6.6,9.4,95,13,76,216,15246,818.2,Monte Lussari sm,2020
5,14,2.8,4.4,9.0,14.9,79,14,75,190,24750,816.7,Monte Lussari sm,2020
5,15,42.2,2.0,5.4,9.0,98,15,73,196,8521,818.8,Monte Lussari sm,2020
5,16,9.2,0.2,4.1,9.2,98,6,28,92,15888,825.4,Monte Lussari sm,2020
5,17,8.6,5.2,7.3,9.8,95,9,31,78,17976,825.8,Monte Lussari sm,2020
5,18,0.6,5.2,7.9,11.5,94,8,26,68,16242,827.9,Monte Lussari sm,2020
5,19,16.6,5.7,7.3,11.2,93,15,42,68,11885,825.0,Monte Lussari sm,2020
5,20,0.2,5.8,7.3,10.5,88,16,46,78,14935,823.2,Monte Lussari sm,2020
5,21,0.0,4.8,8.6,12.7,69,10,31,41,26840,825.9,Monte Lussari sm,2020
5,22,0.0,6.0,10.7,15.8,73,9,27,293,26612,829.0,Monte Lussari sm,2020
5,23,10.6,4.3,11.4,17.4,70,8,40,41,22772,828.7,Monte Lussari sm,2020
5,24,0.0,2.3,5.5,9.8,60,10,39,31,21262,830.8,Monte Lussari sm,2020
5,25,0.0,2.6,6.7,11.5,60,8,33,74,15213,830.4,Monte Lussari sm,2020
5,26,0.0,2.2,4.7,9.0,68,11,41,45,21977,832.0,Monte Lussari sm,2020
5,27,0.0,2.0,6.3,11.5,54,11,31,45,28577,833.0,Monte Lussari sm,2020
5,28,0.2,1.5,5.5,9.7,63,9,32,33,13984,829.3,Monte Lussari sm,2020
5,29,0.0,0.9,3.6,7.4,73,9,34,110,12502,826.8,Monte Lussari sm,2020
5,30,0.0,0.9,3.6,7.1,77,9,26,118,12918,823.3,Monte Lussari sm,2020
5,31,1.4,0.8,4.1,8.4,73,9,34,70,15308,822.5,Monte Lussari sm,2020
5,1,,0.8,3.8,6.9,100,22,73,181,12871,825.7,Monte Matajur,2020
5,2,,2.3,4.7,8.1,99,15,44,330,14537,827.0,Monte Matajur,2020
5,3,,0.7,3.8,8.3,73,14,73,342,21165,832.1,Monte Matajur,2020
5,4,,1.8,3.8,7.9,89,16,45,307,17004,835.0,Monte Matajur,2020
5,5,,3.2,5.1,7.5,84,13,43,289,9284,832.1,Monte Matajur,2020
5,6,,1.8,4.6,10.0,89,15,40,91,21634,833.7,Monte Matajur,2020
5,7,,0.8,5.8,10.3,81,16,36,304,26927,838.3,Monte Matajur,2020
5,8,,5.9,8.0,11.9,84,16,40,281,26075,837.4,Monte Matajur,2020
5,9,,5.0,8.3,12.4,88,16,37,292,25856,833.8,Monte Matajur,2020
5,10,,4.5,6.8,10.5,95,17,38,244,15899,830.8,Monte Matajur,2020
5,11,,3.1,4.8,6.6,100,35,90,225,1677,825.3,Monte Matajur,2020
5,12,,0.3,3.8,6.3,100,27,61,269,2886,829.3,Monte Matajur,2020
5,13,,4.5,6.4,7.7,100,29,65,166,8476,830.8,Monte Matajur,2020
5,14,,5.5,8.3,11.4,100,22,97,125,19996,828.1,Monte Matajur,2020
5,15,,4.0,6.2,7.7,100,34,95,128,6098,830.2,Monte Matajur,2020
5,16,,1.3,5.5,9.0,100,18,69,106,11062,836.9,Monte Matajur,2020
5,17,,6.0,9.4,12.9,94,18,44,306,21321,836.7,Monte Matajur,2020
5,18,,6.5,10.8,15.3,78,23,63,71,24523,838.1,Monte Matajur,2020
5,19,,6.2,8.9,12.9,88,33,71,78,10807,834.7,Monte Matajur,2020
5,20,,7.0,9.7,14.3,73,15,71,329,19240,832.7,Monte Matajur,2020
5,21,,6.2,9.1,13.6,83,11,35,332,26329,836.8,Monte Matajur,2020
5,22,,5.3,8.1,12.5,95,17,41,303,21092,840.7,Monte Matajur,2020
5,23,,4.5,10.3,14.4,89,13,67,354,18252,840.1,Monte Matajur,2020
5,24,,4.8,7.0,12.0,65,15,62,341,24192,841.5,Monte Matajur,2020
5,25,,4.1,6.1,8.3,90,13,43,268,12693,842.1,Monte Matajur,2020
5,26,,3.2,6.4,11.3,66,17,52,330,25035,843.1,Monte Matajur,2020
5,27,,2.8,6.9,11.7,66,13,42,332,27115,844.2,Monte Matajur,2020
5,28,,2.9,6.4,11.0,75,11,36,337,18161,840.5,Monte Matajur,2020
5,29,,2.0,5.4,10.4,70,10,44,2,23519,837.4,Monte Matajur,2020
5,30,,2.6,4.4,8.0,90,7,29,339,12157,834.4,Monte Matajur,2020
5,31,,1.7,4.2,6.3,94,12,54,327,11567,833.7,Monte Matajur,2020
5,1,,0.0,3.2,6.2,95,14,37,195,13363,816.2,Monte Zoncolan,2020
5,2,,1.7,4.9,11.3,87,10,35,223,19885,817.2,Monte Zoncolan,2020
5,3,,0.3,3.7,8.4,58,11,35,339,21436,822.8,Monte Zoncolan,2020
5,4,,1.4,3.9,7.7,89,10,24,192,11917,825.5,Monte Zoncolan,2020
5,5,,2.9,5.0,7.5,92,7,18,74,11143,822.4,Monte Zoncolan,2020
5,6,,2.6,5.3,9.4,65,13,35,12,23703,824.2,Monte Zoncolan,2020
5,7,,1.5,7.5,13.5,71,6,22,234,26363,828.2,Monte Zoncolan,2020
5,8,,5.9,8.8,13.4,81,5,20,218,18184,827.5,Monte Zoncolan,2020
5,9,,5.2,8.6,13.7,87,9,26,237,16571,824.3,Monte Zoncolan,2020
5,10,,5.8,6.6,11.2,99,13,32,205,9720,821.4,Monte Zoncolan,2020
5,11,,3.2,4.6,6.9,100,19,50,198,6768,815.6,Monte Zoncolan,2020
5,12,,3.2,4.4,6.4,100,8,26,163,7847,819.4,Monte Zoncolan,2020
5,13,,4.0,5.3,6.3,100,19,49,195,4583,821.1,Monte Zoncolan,2020
5,14,,5.1,8.3,13.2,92,10,41,133,17197,818.8,Monte Zoncolan,2020
5,15,,3.7,5.9,7.7,100,18,53,220,9176,820.7,Monte Zoncolan,2020
5,16,,2.7,5.0,7.9,100,9,30,85,9054,827.5,Monte Zoncolan,2020
5,17,,5.6,8.5,13.6,91,15,35,78,16854,827.7,Monte Zoncolan,2020
5,18,,5.6,9.8,14.3,81,22,48,61,23190,829.5,Monte Zoncolan,2020
5,19,,5.8,8.3,11.5,89,31,51,63,10318,826.7,Monte Zoncolan,2020
5,20,,5.8,9.9,15.0,63,26,64,1,25068,824.5,Monte Zoncolan,2020
5,21,,5.5,9.9,15.3,64,12,39,50,23261,827.8,Monte Zoncolan,2020
5,22,,6.1,9.6,13.4,92,7,19,215,15328,831.3,Monte Zoncolan,2020
5,23,,4.1,10.8,16.4,77,9,40,223,19328,830.7,Monte Zoncolan,2020
5,24,,3.3,6.6,12.0,54,12,39,0,21172,832.7,Monte Zoncolan,2020
5,25,,4.7,7.7,14.1,57,10,45,328,19199,832.6,Monte Zoncolan,2020
5,26,,3.4,6.5,10.9,53,14,54,5,20089,834.0,Monte Zoncolan,2020
5,27,,2.6,7.4,13.3,52,10,33,72,26977,835.0,Monte Zoncolan,2020
5,28,,2.5,6.5,11.5,62,10,40,45,13187,831.5,Monte Zoncolan,2020
5,29,,0.4,4.6,9.4,66,21,49,75,19004,828.8,Monte Zoncolan,2020
5,30,,1.8,4.3,7.7,80,12,26,75,11697,825.6,Monte Zoncolan,2020
5,31,,1.9,5.2,9.7,80,9,30,28,13916,824.6,Monte Zoncolan,2020
5,1,8.8,15.0,16.6,19.1,78,13,41,352,19538,1006.5,Muggia,2020
5,2,1.6,14.3,16.9,20.9,75,11,50,41,17841,1006.8,Muggia,2020
5,3,0.0,14.3,17.1,21.7,55,21,66,103,27615,1014.2,Muggia,2020
5,4,0.0,12.0,16.0,19.6,59,11,25,119,27452,1018.1,Muggia,2020
5,5,0.0,11.5,16.6,19.9,64,10,26,94,10704,1013.6,Muggia,2020
5,6,0.0,13.9,16.9,19.9,50,28,64,74,24142,1015.9,Muggia,2020
5,7,0.0,12.1,16.0,19.4,59,11,24,279,27913,1021.9,Muggia,2020
5,8,0.0,13.1,17.2,21.3,66,9,19,111,27213,1020.2,Muggia,2020
5,9,0.0,13.4,17.9,21.1,63,10,25,283,27100,1015.6,Muggia,2020
5,10,0.0,15.4,18.1,20.6,67,9,27,212,20802,1012.0,Muggia,2020
5,11,2.8,14.5,17.5,20.6,76,15,47,129,12171,1005.8,Muggia,2020
5,12,1.8,11.8,15.5,20.9,76,26,63,101,10262,1009.9,Muggia,2020
5,13,0.0,13.3,18.4,23.1,77,8,36,139,17730,1011.1,Muggia,2020
5,14,0.0,16.1,19.5,21.9,79,9,45,106,23155,1007.9,Muggia,2020
5,15,5.2,16.9,19.6,22.5,75,17,53,290,10177,1010.7,Muggia,2020
5,16,0.2,14.8,17.5,19.9,67,28,109,338,15313,1018.4,Muggia,2020
5,17,0.0,15.9,20.9,26.5,61,26,60,81,21692,1016.5,Muggia,2020
5,18,1.2,19.2,21.7,24.1,60,28,62,70,21862,1017.9,Muggia,2020
5,19,2.0,18.2,20.8,22.9,59,33,73,81,11697,1013.0,Muggia,2020
5,20,0.2,18.4,20.5,22.9,56,30,74,63,13353,1012.4,Muggia,2020
5,21,0.0,17.9,20.7,24.7,46,18,50,77,28851,1018.4,Muggia,2020
5,22,0.0,16.0,19.0,22.0,58,7,19,137,21854,1023.9,Muggia,2020
5,23,3.4,16.4,20.0,23.1,63,9,40,53,19404,1022.1,Muggia,2020
5,24,4.2,15.5,19.5,23.2,53,23,55,112,29358,1024.5,Muggia,2020
5,25,0.0,14.9,18.6,21.8,60,11,53,71,26845,1025.6,Muggia,2020
5,26,0.0,16.5,18.5,21.0,59,11,33,132,22944,1027.4,Muggia,2020
5,27,0.0,14.5,18.7,21.7,58,13,29,265,30164,1028.5,Muggia,2020
5,28,1.4,15.3,18.2,22.2,62,11,70,75,21053,1023.9,Muggia,2020
5,29,0.0,14.7,18.8,22.1,51,20,52,66,27972,1020.4,Muggia,2020
5,30,0.0,16.7,19.0,21.8,47,20,51,104,21660,1016.9,Muggia,2020
5,31,0.0,16.0,18.0,19.9,53,13,34,78,23260,1016.4,Muggia,2020
5,1,52.4,7.8,11.2,16.7,84,,,,13447,,Musi,2020
5,2,7.4,7.1,11.7,18.2,85,,,,15522,,Musi,2020
5,3,0.0,6.7,12.5,19.0,55,,,,21148,,Musi,2020
5,4,0.0,7.4,12.0,18.2,69,,,,19596,,Musi,2020
5,5,0.0,6.8,11.4,15.6,74,,,,8571,,Musi,2020
5,6,0.0,6.7,12.6,18.5,64,,,,20170,,Musi,2020
5,7,0.0,5.5,12.1,19.5,69,,,,23102,,Musi,2020
5,8,0.0,8.5,14.2,20.7,72,,,,21580,,Musi,2020
5,9,0.0,9.9,15.1,21.9,69,,,,20305,,Musi,2020
5,10,1.4,10.2,14.2,19.2,78,,,,13830,,Musi,2020
5,11,168.6,9.0,11.1,12.6,100,,,,1284,,Musi,2020
5,12,28.4,7.0,10.0,13.7,99,,,,2928,,Musi,2020
5,13,7.6,7.4,11.9,16.2,98,,,,5908,,Musi,2020
5,14,11.4,10.6,16.0,22.6,83,,,,20799,,Musi,2020
5,15,44.0,11.2,12.9,15.8,98,,,,4992,,Musi,2020
5,16,20.4,9.4,12.4,18.7,90,,,,10950,,Musi,2020
5,17,5.6,11.0,17.1,23.0,77,,,,19925,,Musi,2020
5,18,0.0,12.6,18.2,24.2,69,,,,19904,,Musi,2020
5,19,12.6,12.3,17.4,22.6,69,,,,9453,,Musi,2020
5,20,0.0,13.2,19.1,24.0,50,,,,16268,,Musi,2020
5,21,0.0,11.0,15.8,21.1,68,,,,21973,,Musi,2020
5,22,0.0,12.5,15.5,20.1,74,,,,15852,,Musi,2020
5,23,12.2,11.9,16.6,22.8,73,,,,16120,,Musi,2020
5,24,0.0,9.3,14.6,21.2,55,,,,18940,,Musi,2020
5,25,0.0,9.8,14.9,20.7,65,,,,19239,,Musi,2020
5,26,0.0,8.1,13.6,21.1,68,,,,18442,,Musi,2020
5,27,0.0,7.7,14.5,21.0,54,,,,24815,,Musi,2020
5,28,1.2,7.6,13.3,20.9,72,,,,14293,,Musi,2020
5,29,0.0,7.4,14.2,20.4,49,,,,21303,,Musi,2020
5,30,0.0,7.6,12.2,18.0,69,,,,12114,,Musi,2020
5,31,0.0,7.9,12.7,17.6,69,,,,16613,,Musi,2020
5,1,,1.9,5.2,7.9,95,18,64,300,10007,838.1,Pala d'Altei,2020
5,2,,3.8,6.5,11.8,91,14,36,295,15702,839.3,Pala d'Altei,2020
5,3,,4.1,5.9,9.7,71,17,49,307,23111,844.6,Pala d'Altei,2020
5,4,,4.0,6.3,9.9,82,12,44,178,18953,847.5,Pala d'Altei,2020
5,5,,4.9,7.1,11.0,79,8,27,220,14362,844.1,Pala d'Altei,2020
5,6,,3.6,6.2,9.9,91,9,23,129,14913,846.2,Pala d'Altei,2020
5,7,,3.0,7.4,12.0,80,10,25,200,26783,850.7,Pala d'Altei,2020
5,8,,7.7,9.3,12.1,84,10,31,170,23603,849.8,Pala d'Altei,2020
5,9,,7.5,9.7,13.8,84,11,31,159,25942,846.3,Pala d'Altei,2020
5,10,,6.0,8.7,13.0,93,9,26,124,16557,843.2,Pala d'Altei,2020
5,11,,3.3,6.3,8.8,100,14,60,205,7372,837.6,Pala d'Altei,2020
5,12,,4.0,6.2,10.1,99,10,30,149,8253,841.1,Pala d'Altei,2020
5,13,,5.7,7.2,9.8,100,16,53,210,10928,842.8,Pala d'Altei,2020
5,14,,7.1,9.5,13.3,96,9,47,132,13576,840.7,Pala d'Altei,2020
5,15,,5.2,7.8,10.4,100,13,57,285,8234,842.4,Pala d'Altei,2020
5,16,,5.5,7.4,9.9,99,10,32,204,11100,849.1,Pala d'Altei,2020
5,17,,6.5,10.9,16.7,89,14,55,299,22430,848.9,Pala d'Altei,2020
5,18,,8.8,12.3,15.7,82,11,32,34,22373,850.5,Pala d'Altei,2020
5,19,,8.1,11.1,14.8,76,24,90,46,6163,847.3,Pala d'Altei,2020
5,20,,8.9,12.5,17.2,71,14,83,27,23418,845.3,Pala d'Altei,2020
5,21,,7.7,10.4,14.7,85,9,25,172,24834,849.4,Pala d'Altei,2020
5,22,,7.2,9.7,13.6,90,9,23,305,16540,853.3,Pala d'Altei,2020
5,23,,7.6,11.4,15.0,87,14,55,310,22683,852.4,Pala d'Altei,2020
5,24,,7.1,8.8,12.8,68,15,43,308,23019,854.2,Pala d'Altei,2020
5,25,,6.2,9.0,12.0,80,12,33,181,17589,854.5,Pala d'Altei,2020
5,26,,5.8,7.6,11.2,85,10,30,175,16258,855.9,Pala d'Altei,2020
5,27,,5.2,8.6,12.2,75,11,40,161,26844,856.9,Pala d'Altei,2020
5,28,,4.6,8.0,13.3,79,10,27,92,18000,853.0,Pala d'Altei,2020
5,29,,3.7,7.4,12.7,71,8,37,34,24707,850.1,Pala d'Altei,2020
5,30,,4.4,6.2,9.5,81,6,19,225,10593,847.3,Pala d'Altei,2020
5,31,,3.8,6.2,9.8,91,8,31,15,15483,846.5,Pala d'Altei,2020
5,1,1.2,11.3,16.1,20.8,85,10,27,18,19898,1001.0,Palazzolo dello Stella,2020
5,2,3.2,10.0,15.9,23.3,85,10,43,99,23990,1001.6,Palazzolo dello Stella,2020
5,3,0.0,9.2,15.7,21.7,69,10,30,57,28075,1008.9,Palazzolo dello Stella,2020
5,4,0.0,8.6,15.3,21.3,70,9,36,177,27405,1012.5,Palazzolo dello Stella,2020
5,5,0.0,7.7,14.6,21.4,82,7,23,147,12255,1008.5,Palazzolo dello Stella,2020
5,6,0.0,8.7,16.1,23.0,66,11,35,83,23338,1010.7,Palazzolo dello Stella,2020
5,7,0.0,7.0,15.4,22.7,69,9,35,203,28139,1016.2,Palazzolo dello Stella,2020
5,8,0.0,7.3,16.3,24.5,72,7,25,138,27334,1014.2,Palazzolo dello Stella,2020
5,9,0.0,8.9,17.0,24.6,75,8,25,195,27155,1009.5,Palazzolo dello Stella,2020
5,10,0.0,11.7,17.5,23.4,79,9,27,207,22001,1006.1,Palazzolo dello Stella,2020
5,11,4.8,13.9,16.8,21.0,93,17,50,186,10517,1000.1,Palazzolo dello Stella,2020
5,12,3.8,10.1,14.4,22.2,89,12,49,63,8252,1005.1,Palazzolo dello Stella,2020
5,13,0.0,10.1,16.6,22.6,87,8,23,14,12270,1006.0,Palazzolo dello Stella,2020
5,14,0.0,10.9,19.7,26.1,76,7,28,73,24525,1001.3,Palazzolo dello Stella,2020
5,15,2.8,15.4,18.4,23.4,84,11,27,230,13817,1004.7,Palazzolo dello Stella,2020
5,16,1.4,13.5,17.5,22.9,71,14,36,68,17408,1013.3,Palazzolo dello Stella,2020
5,17,0.2,13.4,20.7,29.5,70,13,36,93,24987,1010.6,Palazzolo dello Stella,2020
5,18,0.0,15.4,21.8,27.8,57,14,31,26,22035,1011.8,Palazzolo dello Stella,2020
5,19,1.0,15.9,20.5,28.0,65,19,49,48,16937,1007.9,Palazzolo dello Stella,2020
5,20,0.0,13.6,21.0,26.5,65,14,47,99,25910,1006.0,Palazzolo dello Stella,2020
5,21,0.0,10.0,20.1,27.6,61,8,30,262,28980,1012.0,Palazzolo dello Stella,2020
5,22,0.0,14.3,19.5,24.7,59,8,25,200,22156,1017.1,Palazzolo dello Stella,2020
5,23,7.4,13.7,20.4,27.1,63,9,45,1,21654,1015.5,Palazzolo dello Stella,2020
5,24,0.0,12.5,19.2,26.1,65,10,28,68,29889,1018.2,Palazzolo dello Stella,2020
5,25,0.0,10.8,18.5,24.7,68,10,36,158,28829,1019.0,Palazzolo dello Stella,2020
5,26,0.0,10.6,17.7,24.1,66,8,39,154,23019,1021.2,Palazzolo dello Stella,2020
5,27,0.0,7.9,18.2,27.0,58,8,32,189,30538,1022.1,Palazzolo dello Stella,2020
5,28,4.6,10.7,17.7,25.5,68,10,46,82,21872,1017.6,Palazzolo dello Stella,2020
5,29,0.0,10.0,17.7,24.4,65,8,40,98,26996,1014.5,Palazzolo dello Stella,2020
5,30,0.0,10.9,18.3,24.4,58,8,24,96,20933,1011.1,Palazzolo dello Stella,2020
5,31,0.0,13.8,17.9,23.2,65,8,28,184,21367,1010.3,Palazzolo dello Stella,2020
5,1,6.4,0.8,5.7,8.7,93,7,32,211,12671,861.6,Piancavallo,2020
5,2,14.0,1.3,6.5,11.9,89,4,20,137,17010,862.6,Piancavallo,2020
5,3,0.0,-0.8,4.6,8.9,81,5,20,219,17615,868.7,Piancavallo,2020
5,4,0.0,2.4,6.1,11.1,80,6,24,175,22498,871.3,Piancavallo,2020
5,5,0.0,2.2,6.3,11.3,83,3,17,187,13999,868.0,Piancavallo,2020
5,6,0.0,1.1,5.7,9.5,91,4,18,178,10544,870.2,Piancavallo,2020
5,7,0.0,-0.2,6.3,11.9,84,5,19,163,28179,874.7,Piancavallo,2020
5,8,0.0,3.4,8.3,12.6,87,5,21,145,25856,873.6,Piancavallo,2020
5,9,0.0,4.6,9.8,13.9,83,5,20,194,25615,869.7,Piancavallo,2020
5,10,0.6,6.9,9.1,13.0,92,4,19,118,14535,866.6,Piancavallo,2020
5,11,63.2,5.3,7.4,11.3,95,7,28,198,13142,860.9,Piancavallo,2020
5,12,13.2,4.1,6.3,11.0,98,3,20,165,8838,864.7,Piancavallo,2020
5,13,1.8,5.0,8.1,11.0,97,7,33,230,9915,866.3,Piancavallo,2020
5,14,15.6,5.6,10.0,13.8,93,5,22,184,16016,863.7,Piancavallo,2020
5,15,32.2,6.6,8.6,11.8,97,6,32,229,10221,865.8,Piancavallo,2020
5,16,10.0,5.7,7.7,11.1,100,4,19,133,6914,872.9,Piancavallo,2020
5,17,4.6,7.0,11.1,15.8,89,4,16,95,20221,872.2,Piancavallo,2020
5,18,0.0,5.9,11.9,16.7,84,4,18,205,22330,873.7,Piancavallo,2020
5,19,12.4,8.1,11.0,15.0,82,7,20,37,6875,870.7,Piancavallo,2020
5,20,0.0,6.0,12.0,17.4,76,5,23,32,18823,868.6,Piancavallo,2020
5,21,0.0,4.3,9.6,14.8,90,5,17,197,23336,873.1,Piancavallo,2020
5,22,0.0,4.7,9.2,12.8,90,5,15,174,19940,877.0,Piancavallo,2020
5,23,10.2,7.1,11.2,14.7,88,5,19,154,21337,876.0,Piancavallo,2020
5,24,0.2,4.1,8.2,13.1,76,5,22,193,23303,878.1,Piancavallo,2020
5,25,0.0,3.4,8.3,12.3,84,6,23,163,18419,878.5,Piancavallo,2020
5,26,0.6,2.3,6.9,11.3,91,4,20,203,16740,880.0,Piancavallo,2020
5,27,0.0,1.0,7.3,12.9,81,4,22,167,21925,881.1,Piancavallo,2020
5,28,1.0,3.4,7.8,12.5,84,4,15,194,14274,877.1,Piancavallo,2020
5,29,0.8,2.1,7.0,12.2,74,3,18,23,19982,874.1,Piancavallo,2020
5,30,0.2,2.7,6.4,9.8,81,3,13,212,10639,871.2,Piancavallo,2020
5,31,0.6,4.3,6.7,9.8,88,4,18,134,13543,870.2,Piancavallo,2020
5,1,1.5,10.3,15.6,20.5,82,6,31,60,19362,,Pordenone,2020
5,2,7.5,10.4,15.9,23.2,84,8,42,41,18596,,Pordenone,2020
5,3,0.2,9.3,15.8,21.5,62,6,27,83,27058,,Pordenone,2020
5,4,0.0,10.3,16.0,21.9,67,7,35,244,27351,,Pordenone,2020
5,5,0.0,8.9,14.7,20.1,81,6,23,81,13300,,Pordenone,2020
5,6,0.0,11.0,15.9,21.7,64,8,34,70,21664,,Pordenone,2020
5,7,0.0,8.3,16.1,23.5,67,7,25,232,27778,,Pordenone,2020
5,8,0.0,9.5,17.2,24.8,68,6,26,163,26808,,Pordenone,2020
5,9,0.0,11.6,18.5,25.0,68,6,23,157,26447,,Pordenone,2020
5,10,0.0,14.3,18.0,23.1,79,6,24,137,19295,,Pordenone,2020
5,11,22.2,13.4,15.6,20.1,97,7,27,85,8424,,Pordenone,2020
5,12,7.6,10.7,14.1,22.6,87,10,60,70,15854,,Pordenone,2020
5,13,0.5,10.8,15.9,19.6,91,8,22,63,11186,,Pordenone,2020
5,14,1.1,12.1,19.3,24.9,76,7,35,72,25498,,Pordenone,2020
5,15,8.5,15.0,18.3,22.4,81,10,72,299,18009,,Pordenone,2020
5,16,1.2,13.5,16.6,20.6,78,11,37,44,13693,,Pordenone,2020
5,17,2.7,13.7,20.2,27.3,74,8,36,109,25145,,Pordenone,2020
5,18,0.0,14.3,21.5,26.2,65,9,28,72,22457,,Pordenone,2020
5,19,0.5,16.0,20.0,25.7,73,17,51,76,9689,,Pordenone,2020
5,20,0.0,14.7,20.6,25.5,72,6,24,232,24548,,Pordenone,2020
5,21,0.0,12.8,19.7,26.0,70,6,26,227,27799,,Pordenone,2020
5,22,0.0,14.7,19.7,23.8,59,6,30,166,21044,,Pordenone,2020
5,23,7.7,14.2,20.3,26.8,67,6,32,86,22155,,Pordenone,2020
5,24,0.1,13.0,19.2,24.6,60,7,35,90,29141,,Pordenone,2020
5,25,0.0,12.0,18.8,25.3,64,7,30,168,27543,,Pordenone,2020
5,26,4.2,12.1,17.0,22.6,78,7,28,210,20188,,Pordenone,2020
5,27,0.1,9.6,18.3,25.2,61,7,28,254,30050,,Pordenone,2020
5,28,0.3,11.8,17.8,24.8,68,7,32,70,20962,,Pordenone,2020
5,29,0.0,11.6,18.3,24.2,57,6,27,28,29402,,Pordenone,2020
5,30,0.1,11.5,17.3,21.9,65,6,24,61,17779,,Pordenone,2020
5,31,0.0,13.4,18.1,22.4,65,6,33,241,25261,,Pordenone,2020
5,1,20.2,11.9,16.1,21.4,80,8,33,302,,,Pradamano,2020
5,2,0.2,10.3,16.2,23.4,75,8,44,108,,,Pradamano,2020
5,3,0.0,8.8,16.5,22.2,58,8,29,227,,,Pradamano,2020
5,4,0.0,8.3,15.7,22.1,64,8,32,211,,,Pradamano,2020
5,5,0.0,7.1,14.3,19.1,76,3,13,156,,,Pradamano,2020
5,6,0.0,7.5,15.6,21.3,62,10,44,90,,,Pradamano,2020
5,7,0.0,5.8,14.9,23.0,69,6,24,225,,,Pradamano,2020
5,8,0.0,7.4,16.4,24.9,69,5,22,192,,,Pradamano,2020
5,9,0.0,9.0,17.0,25.1,70,6,25,153,,,Pradamano,2020
5,10,0.0,10.5,17.6,23.7,75,7,28,171,,,Pradamano,2020
5,11,44.4,13.0,15.3,18.6,95,8,38,177,,,Pradamano,2020
5,12,8.4,9.3,13.2,18.8,88,12,51,87,,,Pradamano,2020
5,13,0.2,9.9,15.9,21.1,86,6,22,48,,,Pradamano,2020
5,14,0.0,12.0,19.8,26.0,75,6,41,74,,,Pradamano,2020
5,15,12.8,13.8,17.0,22.7,82,12,50,219,,,Pradamano,2020
5,16,1.8,13.0,16.1,20.0,66,14,44,57,,,Pradamano,2020
5,17,2.0,13.2,20.4,26.6,68,11,33,94,,,Pradamano,2020
5,18,0.0,16.8,22.3,25.9,51,13,35,17,,,Pradamano,2020
5,19,10.4,15.5,20.0,24.9,65,15,54,74,,,Pradamano,2020
5,20,0.0,11.5,20.6,27.3,66,6,26,147,,,Pradamano,2020
5,21,0.0,9.6,19.0,26.5,66,5,17,2,,,Pradamano,2020
5,22,0.0,13.5,19.1,24.4,65,5,23,2,,,Pradamano,2020
5,23,13.4,13.9,20.3,26.8,67,5,35,81,,,Pradamano,2020
5,24,0.0,11.2,18.5,25.5,63,6,28,92,,,Pradamano,2020
5,25,0.0,11.8,18.8,24.7,64,8,32,140,,,Pradamano,2020
5,26,0.2,10.0,17.5,24.4,67,7,30,213,,,Pradamano,2020
5,27,0.0,7.9,18.0,25.9,56,6,21,255,,,Pradamano,2020
5,28,6.2,10.7,17.3,25.5,71,5,35,44,,,Pradamano,2020
5,29,0.2,8.9,17.1,24.4,65,5,33,105,,,Pradamano,2020
5,30,0.2,11.2,17.6,23.6,61,5,20,21,,,Pradamano,2020
5,31,0.0,12.1,17.5,23.0,61,5,20,214,,,Pradamano,2020
5,1,0.8,11.8,16.7,22.1,78,,,,,,Rivis,2020
5,2,8.6,12.1,16.8,24.6,79,,,,,,Rivis,2020
5,3,0.0,10.6,16.8,22.7,60,,,,,,Rivis,2020
5,4,0.0,10.9,16.6,22.9,65,,,,,,Rivis,2020
5,5,0.0,9.9,15.7,21.0,73,,,,,,Rivis,2020
5,6,0.0,11.4,17.2,22.9,59,,,,,,Rivis,2020
5,7,0.0,9.2,16.8,24.8,63,,,,,,Rivis,2020
5,8,0.0,10.4,18.1,25.7,65,,,,,,Rivis,2020
5,9,0.0,12.7,19.5,26.1,63,,,,,,Rivis,2020
5,10,0.0,14.6,18.9,24.3,72,,,,,,Rivis,2020
5,11,62.4,14.3,16.2,18.9,96,,,,,,Rivis,2020
5,12,11.2,11.0,14.3,21.7,91,,,,,,Rivis,2020
5,13,0.0,11.5,16.4,20.5,90,,,,,,Rivis,2020
5,14,0.0,13.3,20.2,25.8,75,,,,,,Rivis,2020
5,15,8.6,15.8,18.5,23.3,81,,,,,,Rivis,2020
5,16,2.0,14.1,17.1,21.5,73,,,,,,Rivis,2020
5,17,2.0,14.6,21.2,28.4,70,,,,,,Rivis,2020
5,18,0.0,16.4,22.4,26.5,59,,,,,,Rivis,2020
5,19,1.2,16.6,20.6,26.6,70,,,,,,Rivis,2020
5,20,0.0,15.4,22.1,27.3,65,,,,,,Rivis,2020
5,21,0.0,13.3,20.4,27.0,64,,,,,,Rivis,2020
5,22,0.0,14.7,20.3,24.8,59,,,,,,Rivis,2020
5,23,12.8,15.1,21.1,27.0,63,,,,,,Rivis,2020
5,24,0.2,13.2,19.7,25.6,59,,,,,,Rivis,2020
5,25,0.0,12.6,19.1,25.8,66,,,,,,Rivis,2020
5,26,0.0,13.4,18.9,24.6,67,,,,,,Rivis,2020
5,27,0.0,11.0,19.2,26.2,56,,,,,,Rivis,2020
5,28,4.4,12.9,18.7,25.9,63,,,,,,Rivis,2020
5,29,0.0,11.8,18.7,24.9,59,,,,,,Rivis,2020
5,30,0.4,12.2,18.3,23.5,62,,,,,,Rivis,2020
5,31,0.6,14.1,18.6,23.5,64,,,,,,Rivis,2020
5,1,13.6,10.8,15.2,21.6,79,8,38,279,18630,984.1,San Pietro al Natisone,2020
5,2,1.2,8.9,14.9,23.0,75,11,56,7,20990,984.8,San Pietro al Natisone,2020
5,3,0.4,7.6,15.1,22.7,61,10,35,87,26785,991.8,San Pietro al Natisone,2020
5,4,0.0,8.1,14.4,21.8,63,12,34,283,24738,995.2,San Pietro al Natisone,2020
5,5,0.0,6.9,13.3,18.8,74,8,20,235,9853,991.6,San Pietro al Natisone,2020
5,6,0.0,7.6,14.8,21.3,58,18,67,81,21870,993.8,San Pietro al Natisone,2020
5,7,0.0,5.4,14.5,22.6,61,12,31,281,28015,998.9,San Pietro al Natisone,2020
5,8,0.0,7.8,15.9,24.1,65,11,27,249,26300,997.1,San Pietro al Natisone,2020
5,9,0.0,8.9,16.6,24.8,62,11,31,249,26459,992.6,San Pietro al Natisone,2020
5,10,0.0,10.0,16.8,23.5,71,9,28,265,21471,989.2,San Pietro al Natisone,2020
5,11,65.6,12.8,14.3,17.9,95,7,44,340,2931,983.8,San Pietro al Natisone,2020
5,12,20.8,8.6,12.0,17.3,88,17,58,63,3817,989.3,San Pietro al Natisone,2020
5,13,1.8,8.4,14.1,20.9,92,8,35,65,10235,989.9,San Pietro al Natisone,2020
5,14,0.0,12.7,19.2,25.7,73,12,58,65,25045,985.1,San Pietro al Natisone,2020
5,15,20.8,12.0,15.3,20.6,86,12,66,324,10287,989.0,San Pietro al Natisone,2020
5,16,2.8,11.2,14.8,18.9,65,23,64,105,15943,997.4,San Pietro al Natisone,2020
5,17,2.0,11.9,19.1,25.8,67,20,51,83,24754,994.9,San Pietro al Natisone,2020
5,18,0.0,14.2,20.9,25.2,50,20,44,99,22981,995.8,San Pietro al Natisone,2020
5,19,11.6,14.4,18.7,23.7,66,23,63,81,8128,992.2,San Pietro al Natisone,2020
5,20,0.0,11.1,18.4,26.2,69,11,46,105,17639,989.8,San Pietro al Natisone,2020
5,21,0.0,9.4,17.9,24.9,63,11,28,79,25448,995.6,San Pietro al Natisone,2020
5,22,0.0,11.5,17.8,24.2,63,9,26,235,21351,1000.4,San Pietro al Natisone,2020
5,23,15.2,12.9,18.9,25.6,69,8,36,79,19514,998.9,San Pietro al Natisone,2020
5,24,1.4,10.1,17.5,24.8,62,10,32,119,28049,1001.5,San Pietro al Natisone,2020
5,25,0.0,10.2,16.6,23.6,70,10,45,69,20985,1002.3,San Pietro al Natisone,2020
5,26,0.0,8.9,16.3,24.0,63,10,33,235,27881,1004.1,San Pietro al Natisone,2020
5,27,0.0,7.8,16.7,24.9,54,11,30,283,30929,1005.0,San Pietro al Natisone,2020
5,28,5.0,9.2,15.6,24.0,72,8,30,6,20697,1000.8,San Pietro al Natisone,2020
5,29,0.2,6.9,15.7,23.7,63,8,33,115,22665,997.6,San Pietro al Natisone,2020
5,30,0.0,8.6,15.8,22.5,60,8,25,97,16804,994.2,San Pietro al Natisone,2020
5,31,0.0,8.5,15.6,21.7,61,9,27,259,21684,993.4,San Pietro al Natisone,2020
5,1,1.0,,,,87,7,24,175,20013,1000.2,San Vito al Tgl.,2020
5,2,21.0,,,,90,8,37,312,21711,1000.8,San Vito al Tgl.,2020
5,3,0.0,,,,74,8,27,78,27397,1008.1,San Vito al Tgl.,2020
5,4,0.0,,,,78,8,32,179,27379,1011.6,San Vito al Tgl.,2020
5,5,0.1,,,,87,6,17,89,13186,1007.7,San Vito al Tgl.,2020
5,6,0.0,,,,75,8,31,158,21792,1010.0,San Vito al Tgl.,2020
5,7,0.0,,,,76,7,28,200,27917,1015.3,San Vito al Tgl.,2020
5,8,0.0,,,,78,7,29,158,27108,1013.4,San Vito al Tgl.,2020
5,9,0.0,,,,77,7,21,136,26705,1008.5,San Vito al Tgl.,2020
5,10,0.0,,,,85,8,26,102,20929,1005.0,San Vito al Tgl.,2020
5,11,50.8,,,,100,9,38,173,3893,999.6,San Vito al Tgl.,2020
5,12,11.3,,,,95,10,53,79,12707,1004.5,San Vito al Tgl.,2020
5,13,0.0,,,,95,8,19,7,10600,1005.5,San Vito al Tgl.,2020
5,14,0.0,,,,86,6,28,74,25381,1000.5,San Vito al Tgl.,2020
5,15,10.8,,,,87,9,31,343,17249,1003.6,San Vito al Tgl.,2020
5,16,1.7,,,,81,12,41,69,13959,1012.8,San Vito al Tgl.,2020
5,17,0.5,,,,79,9,26,109,26185,1009.7,San Vito al Tgl.,2020
5,18,0.0,,,,71,10,31,83,21758,1011.1,San Vito al Tgl.,2020
5,19,0.2,,,,74,18,48,28,9196,1007.3,San Vito al Tgl.,2020
5,20,0.1,,,,80,8,26,178,23714,1005.2,San Vito al Tgl.,2020
5,21,0.0,,,,76,6,28,165,28119,1011.2,San Vito al Tgl.,2020
5,22,0.0,,,,73,7,26,258,21424,1016.4,San Vito al Tgl.,2020
5,23,7.9,,,,75,7,36,82,21203,1014.8,San Vito al Tgl.,2020
5,24,0.0,,,,72,8,40,37,29849,1017.5,San Vito al Tgl.,2020
5,25,0.1,,,,79,8,32,178,26084,1018.3,San Vito al Tgl.,2020
5,26,0.0,,,,82,8,28,242,26470,1020.5,San Vito al Tgl.,2020
5,27,0.1,,,,71,7,26,218,30509,1021.5,San Vito al Tgl.,2020
5,28,1.3,,,,75,8,33,107,21853,1016.9,San Vito al Tgl.,2020
5,29,0.0,,,,70,7,29,143,28700,1013.8,San Vito al Tgl.,2020
5,30,0.8,,,,73,6,22,318,19608,1010.7,San Vito al Tgl.,2020
5,31,1.2,,,,78,5,27,260,23707,1009.5,San Vito al Tgl.,2020
5,1,4.2,3.1,6.9,12.3,90,4,,,13360,,Sappada (ARPAV),2020
5,2,2.2,2.9,8.4,15.3,77,4,,,21510,,Sappada (ARPAV),2020
5,3,0.0,-0.1,7.3,14.2,60,5,,,28112,,Sappada (ARPAV),2020
5,4,0.0,3.0,8.1,13.8,77,4,,,16747,,Sappada (ARPAV),2020
5,5,2.0,2.1,7.4,13.5,89,3,,,13684,,Sappada (ARPAV),2020
5,6,0.0,1.7,8.9,15.7,58,4,,,27414,,Sappada (ARPAV),2020
5,7,0.0,-0.5,9.2,17.3,67,4,,,29066,,Sappada (ARPAV),2020
5,8,0.0,3.1,11.1,18.4,77,4,,,27184,,Sappada (ARPAV),2020
5,9,0.0,5.9,12.6,18.5,75,5,,,22543,,Sappada (ARPAV),2020
5,10,0.2,8.9,11.0,15.7,88,4,,,11873,,Sappada (ARPAV),2020
5,11,15.2,7.5,8.7,11.7,98,3,,,7834,,Sappada (ARPAV),2020
5,12,5.4,5.9,8.7,14.3,94,4,,,15566,,Sappada (ARPAV),2020
5,13,4.0,5.7,8.1,9.7,100,2,,,4021,,Sappada (ARPAV),2020
5,14,17.4,6.9,11.9,17.1,84,4,,,22946,,Sappada (ARPAV),2020
5,15,34.4,7.5,9.8,13.8,95,3,,,13482,,Sappada (ARPAV),2020
5,16,3.2,7.0,8.7,10.9,98,3,,,9090,,Sappada (ARPAV),2020
5,17,6.2,7.3,11.5,16.9,87,3,,,17773,,Sappada (ARPAV),2020
5,18,0.0,5.8,13.0,19.1,77,3,,,23526,,Sappada (ARPAV),2020
5,19,6.6,8.9,11.4,17.8,90,3,,,7186,,Sappada (ARPAV),2020
5,20,0.0,8.1,12.8,19.0,67,4,,,20833,,Sappada (ARPAV),2020
5,21,0.0,6.0,13.2,19.9,62,4,,,27036,,Sappada (ARPAV),2020
5,22,0.0,7.1,13.1,18.3,81,4,,,27716,,Sappada (ARPAV),2020
5,23,15.0,7.5,13.0,19.4,84,5,,,20682,,Sappada (ARPAV),2020
5,24,0.0,4.0,9.5,15.5,61,4,,,24599,,Sappada (ARPAV),2020
5,25,0.0,4.1,10.7,16.7,51,6,,,20912,,Sappada (ARPAV),2020
5,26,0.0,3.9,10.8,16.2,43,6,,,27572,,Sappada (ARPAV),2020
5,27,0.0,0.8,10.1,17.2,52,4,,,31352,,Sappada (ARPAV),2020
5,28,0.0,3.1,9.3,15.9,63,3,,,18522,,Sappada (ARPAV),2020
5,29,0.0,1.5,8.0,12.8,58,4,,,17874,,Sappada (ARPAV),2020
5,30,0.0,0.8,7.7,12.1,73,3,,,10393,,Sappada (ARPAV),2020
5,31,0.0,4.1,9.6,14.4,71,4,,,17856,,Sappada (ARPAV),2020
5,1,5.9,10.9,14.3,20.2,82,10,40,63,20652,974.2,Sgonico-Zgonik,2020
5,2,7.3,10.3,13.9,22.2,85,8,34,36,15814,974.7,Sgonico-Zgonik,2020
5,3,0.0,9.4,14.4,20.8,61,13,46,55,26821,981.6,Sgonico-Zgonik,2020
5,4,0.0,6.5,13.3,18.8,57,7,25,225,28106,985.1,Sgonico-Zgonik,2020
5,5,0.0,4.8,13.5,19.1,74,6,27,81,10921,981.2,Sgonico-Zgonik,2020
5,6,0.0,11.0,14.4,19.6,52,17,53,72,22534,983.3,Sgonico-Zgonik,2020
5,7,0.0,5.8,13.3,19.5,59,7,26,67,28669,988.7,Sgonico-Zgonik,2020
5,8,0.0,6.9,14.7,22.2,65,6,20,205,27739,987.0,Sgonico-Zgonik,2020
5,9,0.0,7.6,15.6,23.2,63,6,19,209,27269,982.4,Sgonico-Zgonik,2020
5,10,0.0,9.1,15.3,22.6,74,6,27,172,23171,979.1,Sgonico-Zgonik,2020
5,11,9.0,9.1,14.4,19.2,90,13,46,127,11251,973.7,Sgonico-Zgonik,2020
5,12,14.1,8.0,12.1,19.3,88,17,58,46,12467,978.2,Sgonico-Zgonik,2020
5,13,0.0,8.9,16.3,22.1,83,7,27,66,17299,978.5,Sgonico-Zgonik,2020
5,14,0.0,11.2,18.2,23.5,75,8,51,78,24092,974.9,Sgonico-Zgonik,2020
5,15,12.6,13.1,16.2,20.7,84,13,44,68,10145,978.2,Sgonico-Zgonik,2020
5,16,2.7,10.0,13.8,17.9,78,18,50,54,15891,986.2,Sgonico-Zgonik,2020
5,17,0.0,12.0,18.6,25.3,66,16,46,71,23527,983.8,Sgonico-Zgonik,2020
5,18,1.8,15.9,19.5,24.1,62,17,52,37,21753,985.0,Sgonico-Zgonik,2020
5,19,8.8,13.6,17.9,22.1,69,23,62,66,13900,981.0,Sgonico-Zgonik,2020
5,20,4.0,13.9,18.3,21.7,62,17,51,73,20170,979.8,Sgonico-Zgonik,2020
5,21,0.0,11.2,18.5,23.8,50,14,39,18,28975,985.1,Sgonico-Zgonik,2020
5,22,0.0,11.9,17.3,21.7,53,6,31,68,21297,990.0,Sgonico-Zgonik,2020
5,23,5.5,11.9,19.0,24.7,63,5,33,355,20218,988.5,Sgonico-Zgonik,2020
5,24,3.7,9.6,17.0,22.9,57,13,46,34,28447,991.0,Sgonico-Zgonik,2020
5,25,0.3,8.8,16.4,21.9,60,8,40,80,25799,991.9,Sgonico-Zgonik,2020
5,26,0.0,10.0,16.1,21.9,56,9,31,72,21624,993.6,Sgonico-Zgonik,2020
5,27,0.0,10.7,16.9,21.8,50,9,27,275,30427,994.5,Sgonico-Zgonik,2020
5,28,2.1,10.8,15.7,21.4,65,7,31,61,20220,990.3,Sgonico-Zgonik,2020
5,29,0.0,10.7,16.7,21.9,51,14,42,74,28193,986.9,Sgonico-Zgonik,2020
5,30,0.0,12.9,16.3,21.5,50,12,45,76,16737,983.7,Sgonico-Zgonik,2020
5,31,0.0,12.1,16.0,19.8,51,10,29,52,20772,982.9,Sgonico-Zgonik,2020
5,1,1.7,11.0,16.0,21.4,85,9,33,317,22059,1002.8,Talmassons,2020
5,2,10.8,10.7,15.5,23.5,87,8,46,98,20980,1003.3,Talmassons,2020
5,3,0.1,9.1,15.5,22.4,70,9,29,105,28589,1010.6,Talmassons,2020
5,4,0.0,7.9,15.0,21.5,74,8,38,192,27609,1014.2,Talmassons,2020
5,5,0.1,8.0,14.5,20.7,81,6,17,60,11949,1009.9,Talmassons,2020
5,6,0.0,8.1,15.9,22.9,66,11,34,109,23559,1012.4,Talmassons,2020
5,7,0.0,6.9,15.1,23.0,72,8,33,156,28351,1018.0,Talmassons,2020
5,8,0.0,7.0,16.1,24.2,75,7,23,201,27387,1016.2,Talmassons,2020
5,9,0.0,8.4,16.7,24.0,76,8,24,164,26496,1011.5,Talmassons,2020
5,10,0.0,10.8,17.2,22.9,80,8,31,140,20437,1008.0,Talmassons,2020
5,11,5.5,12.8,16.3,20.4,95,15,49,196,7853,1001.7,Talmassons,2020
5,12,6.6,9.7,14.1,21.8,89,13,47,68,8594,1006.3,Talmassons,2020
5,13,0.0,9.8,16.5,21.7,88,8,27,36,13946,1007.6,Talmassons,2020
5,14,0.0,12.0,19.8,26.4,80,8,37,87,23575,1003.9,Talmassons,2020
5,15,3.3,15.0,17.9,24.6,85,11,28,39,13261,1006.7,Talmassons,2020
5,16,2.2,13.5,17.1,21.8,71,15,44,73,18102,1015.3,Talmassons,2020
5,17,0.4,13.5,20.5,28.7,71,12,28,75,21575,1013.2,Talmassons,2020
5,18,0.0,16.1,21.8,27.1,57,13,29,61,22031,1014.6,Talmassons,2020
5,19,1.4,16.1,20.4,26.2,64,21,48,52,15070,1010.4,Talmassons,2020
5,20,0.1,12.1,21.0,26.6,65,11,39,123,28052,1008.6,Talmassons,2020
5,21,0.0,9.7,20.0,27.4,62,7,24,214,30769,1014.7,Talmassons,2020
5,22,0.0,12.7,19.8,25.4,58,8,25,241,24462,1019.8,Talmassons,2020
5,23,10.0,14.5,20.5,27.4,64,9,51,3,22830,1018.2,Talmassons,2020
5,24,0.0,12.8,19.1,25.7,65,9,31,81,28856,1020.8,Talmassons,2020
5,25,0.0,11.2,18.8,25.2,65,11,35,201,28498,1021.4,Talmassons,2020
5,26,11.1,10.3,17.6,25.6,72,7,36,96,25456,1023.5,Talmassons,2020
5,27,0.0,9.4,18.3,26.0,62,8,31,203,31558,1024.4,Talmassons,2020
5,28,2.1,11.2,17.7,25.5,71,9,45,103,22769,1019.7,Talmassons,2020
5,29,0.1,10.4,17.9,24.7,64,7,45,121,29437,1016.7,Talmassons,2020
5,30,0.0,11.5,18.1,23.8,59,6,20,69,20373,1013.2,Talmassons,2020
5,31,0.2,13.5,18.0,22.9,64,7,32,214,23241,1012.4,Talmassons,2020
5,1,14.0,5.1,10.7,16.6,79,5,27,112,16551,914.0,Tarvisio,2020
5,2,6.3,3.7,10.3,17.8,83,6,24,117,21485,915.4,Tarvisio,2020
5,3,0.0,1.6,8.2,15.7,70,6,31,126,26648,922.5,Tarvisio,2020
5,4,0.0,1.0,10.4,18.8,71,5,28,272,22466,924.0,Tarvisio,2020
5,5,0.7,5.0,10.6,15.1,80,6,24,113,9303,920.7,Tarvisio,2020
5,6,0.0,2.2,10.1,16.7,64,8,31,129,23967,924.2,Tarvisio,2020
5,7,0.0,0.0,11.6,22.4,63,5,24,279,29382,927.5,Tarvisio,2020
5,8,0.0,3.8,14.5,23.5,68,9,35,279,27155,925.9,Tarvisio,2020
5,9,0.0,9.7,15.8,23.6,68,9,37,131,26210,922.0,Tarvisio,2020
5,10,0.0,9.8,14.8,20.6,69,10,37,278,19739,918.5,Tarvisio,2020
5,11,29.9,9.3,11.3,14.5,91,4,21,289,7440,912.7,Tarvisio,2020
5,12,5.7,4.2,6.9,10.2,97,7,36,125,4395,918.9,Tarvisio,2020
5,13,1.4,4.1,10.1,16.1,95,3,21,285,6987,918.7,Tarvisio,2020
5,14,3.2,7.8,15.3,22.2,75,9,32,124,26286,916.4,Tarvisio,2020
5,15,33.9,7.4,10.1,13.8,95,9,36,122,8408,919.8,Tarvisio,2020
5,16,9.0,6.1,8.8,12.4,93,7,24,118,9712,927.9,Tarvisio,2020
5,17,9.0,7.7,12.5,18.3,89,7,31,115,20064,927.4,Tarvisio,2020
5,18,0.2,9.9,14.7,20.6,84,6,28,115,17956,929.0,Tarvisio,2020
5,19,15.7,10.2,13.3,19.0,89,8,35,91,12378,926.1,Tarvisio,2020
5,20,0.1,6.5,13.9,19.6,82,8,39,128,19027,924.0,Tarvisio,2020
5,21,0.0,5.4,14.0,21.1,72,7,27,122,28319,927.1,Tarvisio,2020
5,22,0.0,7.0,15.8,23.2,72,7,28,242,27410,930.1,Tarvisio,2020
5,23,11.1,10.2,17.0,24.5,73,8,33,286,22391,929.4,Tarvisio,2020
5,24,0.1,4.9,11.0,17.7,73,5,25,115,21742,933.0,Tarvisio,2020
5,25,0.0,6.4,12.9,18.5,63,4,20,124,14725,932.3,Tarvisio,2020
5,26,0.0,4.0,11.5,17.5,64,7,33,137,25145,934.7,Tarvisio,2020
5,27,0.0,1.8,11.4,19.8,63,6,31,110,29861,935.3,Tarvisio,2020
5,28,0.0,2.9,10.8,17.8,68,4,21,119,13557,931.2,Tarvisio,2020
5,29,0.0,3.2,10.3,16.3,69,5,27,119,15683,928.6,Tarvisio,2020
5,30,0.0,3.2,9.9,15.8,70,6,31,123,14886,924.9,Tarvisio,2020
5,31,1.4,1.2,9.6,16.9,78,5,28,120,18452,923.9,Tarvisio,2020
5,1,2.0,12.1,15.8,19.5,82,,,,,,Terzo d'Aquileia,2020
5,2,5.2,9.9,15.4,22.3,84,,,,,,Terzo d'Aquileia,2020
5,3,0.0,9.5,16.1,21.6,61,,,,,,Terzo d'Aquileia,2020
5,4,0.0,9.3,15.0,20.9,68,,,,,,Terzo d'Aquileia,2020
5,5,0.0,6.9,14.4,21.0,75,,,,,,Terzo d'Aquileia,2020
5,6,0.0,9.7,16.1,22.9,59,,,,,,Terzo d'Aquileia,2020
5,7,0.0,7.8,15.0,21.4,64,,,,,,Terzo d'Aquileia,2020
5,8,0.0,7.5,16.1,23.2,68,,,,,,Terzo d'Aquileia,2020
5,9,0.0,8.7,16.5,22.4,71,,,,,,Terzo d'Aquileia,2020
5,10,0.0,11.5,17.2,22.0,74,,,,,,Terzo d'Aquileia,2020
5,11,9.2,12.7,16.7,20.1,87,,,,,,Terzo d'Aquileia,2020
5,12,2.2,10.4,15.2,20.9,78,,,,,,Terzo d'Aquileia,2020
5,13,0.0,10.4,17.1,21.7,81,,,,,,Terzo d'Aquileia,2020
5,14,0.0,14.5,20.0,24.4,73,,,,,,Terzo d'Aquileia,2020
5,15,6.4,16.7,18.5,24.1,78,,,,,,Terzo d'Aquileia,2020
5,16,2.0,13.4,16.9,21.1,67,,,,,,Terzo d'Aquileia,2020
5,17,0.2,13.2,20.2,28.5,66,,,,,,Terzo d'Aquileia,2020
5,18,0.0,13.4,21.2,26.1,56,,,,,,Terzo d'Aquileia,2020
5,19,9.6,15.0,19.7,24.3,65,,,,,,Terzo d'Aquileia,2020
5,20,0.4,12.0,20.1,24.8,63,,,,,,Terzo d'Aquileia,2020
5,21,0.0,9.8,19.5,26.0,57,,,,,,Terzo d'Aquileia,2020
5,22,0.0,13.6,18.9,24.2,57,,,,,,Terzo d'Aquileia,2020
5,23,6.0,14.1,19.9,26.5,63,,,,,,Terzo d'Aquileia,2020
5,24,0.0,12.9,18.9,24.8,64,,,,,,Terzo d'Aquileia,2020
5,25,0.0,10.0,17.9,22.9,65,,,,,,Terzo d'Aquileia,2020
5,26,0.8,10.1,17.3,22.7,64,,,,,,Terzo d'Aquileia,2020
5,27,0.0,8.0,17.7,24.7,58,,,,,,Terzo d'Aquileia,2020
5,28,7.2,11.2,17.1,23.7,69,,,,,,Terzo d'Aquileia,2020
5,29,0.2,8.9,16.9,23.1,65,,,,,,Terzo d'Aquileia,2020
5,30,0.0,12.1,18.3,24.0,52,,,,,,Terzo d'Aquileia,2020
5,31,0.0,13.5,17.8,22.4,56,,,,,,Terzo d'Aquileia,2020
5,1,14.6,9.2,13.9,19.2,80,7,28,116,17579,,Tolmezzo,2020
5,2,1.8,9.2,14.6,22.3,75,8,34,88,19670,,Tolmezzo,2020
5,3,0.0,6.9,14.3,21.7,60,9,30,107,28239,,Tolmezzo,2020
5,4,0.0,9.0,14.5,20.2,66,8,29,140,22530,,Tolmezzo,2020
5,5,0.0,8.3,13.4,18.7,72,6,25,111,11731,,Tolmezzo,2020
5,6,0.0,8.8,15.4,22.2,61,8,31,108,25381,,Tolmezzo,2020
5,7,0.0,6.6,14.8,21.8,65,9,37,112,28394,,Tolmezzo,2020
5,8,0.0,8.7,16.4,23.2,67,9,35,124,26141,,Tolmezzo,2020
5,9,0.0,11.0,17.9,23.8,63,9,32,131,26715,,Tolmezzo,2020
5,10,0.0,12.9,17.0,22.0,72,8,27,147,16014,,Tolmezzo,2020
5,11,36.8,12.2,14.0,17.5,94,6,31,130,8650,,Tolmezzo,2020
5,12,10.8,8.9,12.3,18.3,95,4,17,140,9744,,Tolmezzo,2020
5,13,2.4,8.7,12.7,17.1,98,3,13,340,6175,,Tolmezzo,2020
5,14,14.0,11.8,17.9,23.9,79,8,30,301,27926,,Tolmezzo,2020
5,15,36.6,12.7,15.6,18.5,93,6,30,277,10687,,Tolmezzo,2020
5,16,13.2,11.2,14.4,18.9,87,3,12,0,11760,,Tolmezzo,2020
5,17,5.8,12.6,18.2,26.6,78,8,24,135,23761,,Tolmezzo,2020
5,18,0.0,12.3,19.3,26.4,70,8,27,291,24988,,Tolmezzo,2020
5,19,6.2,14.4,17.7,24.2,79,11,35,282,9107,,Tolmezzo,2020
5,20,0.0,13.0,20.2,27.2,57,9,33,293,21741,,Tolmezzo,2020
5,21,0.0,10.8,18.2,24.3,65,9,32,116,27970,,Tolmezzo,2020
5,22,0.0,13.9,18.2,23.1,69,7,31,141,23207,,Tolmezzo,2020
5,23,6.4,13.1,18.7,24.5,69,8,39,357,21777,,Tolmezzo,2020
5,24,0.0,11.2,16.7,23.8,59,8,22,276,25351,,Tolmezzo,2020
5,25,0.0,10.2,17.0,23.3,60,8,32,137,24313,,Tolmezzo,2020
5,26,0.0,10.5,16.7,23.4,57,7,29,101,28869,,Tolmezzo,2020
5,27,0.0,8.4,17.1,24.1,50,8,28,129,31369,,Tolmezzo,2020
5,28,0.0,10.0,16.2,23.9,61,6,21,85,18660,,Tolmezzo,2020
5,29,0.0,8.5,16.2,23.4,50,9,28,6,22647,,Tolmezzo,2020
5,30,0.0,9.1,15.2,20.3,61,8,22,85,15300,,Tolmezzo,2020
5,31,0.0,10.9,16.0,21.4,60,7,27,121,21952,,Tolmezzo,2020
5,1,,,,,,10,35,100,,,Trieste Ist. Nautico,2020
5,2,,,,,,10,54,63,,,Trieste Ist. Nautico,2020
5,3,,,,,,18,61,62,,,Trieste Ist. Nautico,2020
5,4,,,,,,7,22,260,,,Trieste Ist. Nautico,2020
5,5,,,,,,8,21,269,,,Trieste Ist. Nautico,2020
5,6,,,,,,24,77,98,,,Trieste Ist. Nautico,2020
5,7,,,,,,7,28,239,,,Trieste Ist. Nautico,2020
5,8,,,,,,6,21,342,,,Trieste Ist. Nautico,2020
5,9,,,,,,8,23,330,,,Trieste Ist. Nautico,2020
5,10,,,,,,9,26,320,,,Trieste Ist. Nautico,2020
5,11,,,,,,11,39,150,,,Trieste Ist. Nautico,2020
5,12,,,,,,21,77,93,,,Trieste Ist. Nautico,2020
5,13,,,,,,7,30,176,,,Trieste Ist. Nautico,2020
5,14,,,,,,9,58,52,,,Trieste Ist. Nautico,2020
5,15,,,,,,14,42,94,,,Trieste Ist. Nautico,2020
5,16,,,,,,22,59,72,,,Trieste Ist. Nautico,2020
5,17,,,,,,21,69,89,,,Trieste Ist. Nautico,2020
5,18,,,,,,26,83,76,,,Trieste Ist. Nautico,2020
5,19,,,,,,36,95,52,,,Trieste Ist. Nautico,2020
5,20,,,,,,26,91,72,,,Trieste Ist. Nautico,2020
5,21,,,,,,17,57,99,,,Trieste Ist. Nautico,2020
5,22,,,,,,6,27,102,,,Trieste Ist. Nautico,2020
5,23,,,,,,6,41,31,,,Trieste Ist. Nautico,2020
5,24,,,,,,19,73,98,,,Trieste Ist. Nautico,2020
5,25,,,,,,9,65,64,,,Trieste Ist. Nautico,2020
5,26,,,,,,10,40,94,,,Trieste Ist. Nautico,2020
5,27,,,,,,12,35,278,,,Trieste Ist. Nautico,2020
5,28,,,,,,9,43,82,,,Trieste Ist. Nautico,2020
5,29,,,,,,18,51,67,,,Trieste Ist. Nautico,2020
5,30,,,,,,18,54,67,,,Trieste Ist. Nautico,2020
5,31,,,,,,12,38,73,,,Trieste Ist. Nautico,2020
5,1,10.2,14.5,16.2,18.6,75,12,37,50,18779,1006.4,Trieste molo F.lli Bandiera,2020
5,2,1.1,14.7,16.5,19.3,74,10,49,45,18686,1006.7,Trieste molo F.lli Bandiera,2020
5,3,0.0,14.2,16.9,21.0,54,22,62,56,27830,1014.1,Trieste molo F.lli Bandiera,2020
5,4,0.0,12.7,16.1,18.2,54,6,17,82,28549,1017.8,Trieste molo F.lli Bandiera,2020
5,5,0.0,13.9,16.7,18.9,61,7,26,96,10311,1013.3,Trieste molo F.lli Bandiera,2020
5,6,0.0,14.1,16.7,19.9,47,30,71,72,23404,1015.8,Trieste molo F.lli Bandiera,2020
5,7,0.0,13.1,15.8,18.2,57,7,21,261,28708,1021.5,Trieste molo F.lli Bandiera,2020
5,8,0.0,14.0,17.1,20.2,65,5,13,322,27657,1019.6,Trieste molo F.lli Bandiera,2020
5,9,0.0,15.0,17.6,19.8,63,9,30,319,27460,1014.9,Trieste molo F.lli Bandiera,2020
5,10,0.0,15.9,18.0,19.9,66,10,28,139,21553,1011.3,Trieste molo F.lli Bandiera,2020
5,11,3.2,14.8,17.7,20.4,72,15,47,191,13434,1005.6,Trieste molo F.lli Bandiera,2020
5,12,4.7,11.3,14.8,19.3,75,26,73,64,11318,1010.3,Trieste molo F.lli Bandiera,2020
5,13,0.0,13.9,18.2,22.5,76,8,37,180,18390,1010.8,Trieste molo F.lli Bandiera,2020
5,14,0.0,16.8,19.1,21.9,76,10,50,64,24106,1007.2,Trieste molo F.lli Bandiera,2020
5,15,7.4,17.0,19.4,21.7,72,17,44,186,9818,1010.3,Trieste molo F.lli Bandiera,2020
5,16,0.0,13.6,16.8,19.4,65,30,68,65,14850,1018.5,Trieste molo F.lli Bandiera,2020
5,17,0.0,15.9,20.8,26.1,57,27,67,59,24268,1016.2,Trieste molo F.lli Bandiera,2020
5,18,1.0,18.9,21.4,23.8,57,35,84,64,21864,1017.3,Trieste molo F.lli Bandiera,2020
5,19,1.7,17.5,19.9,22.3,61,50,89,59,11793,1012.4,Trieste molo F.lli Bandiera,2020
5,20,0.5,17.9,20.5,23.4,53,31,90,51,14669,1012.0,Trieste molo F.lli Bandiera,2020
5,21,0.0,17.7,20.7,24.9,44,20,63,63,30495,1017.8,Trieste molo F.lli Bandiera,2020
5,22,0.0,15.6,18.6,21.0,58,4,17,82,20571,1023.0,Trieste molo F.lli Bandiera,2020
5,23,3.5,16.7,19.5,22.6,70,6,43,45,19490,1021.2,Trieste molo F.lli Bandiera,2020
5,24,3.2,16.6,19.8,23.4,49,24,72,66,30276,1023.8,Trieste molo F.lli Bandiera,2020
5,25,0.6,15.9,18.3,20.4,59,9,66,63,27112,1024.8,Trieste molo F.lli Bandiera,2020
5,26,0.1,15.5,17.9,20.8,59,11,37,64,23108,1026.6,Trieste molo F.lli Bandiera,2020
5,27,0.0,14.7,18.2,20.8,58,12,27,76,28653,1027.6,Trieste molo F.lli Bandiera,2020
5,28,2.0,16.4,18.4,20.9,57,7,46,54,20636,1023.1,Trieste molo F.lli Bandiera,2020
5,29,0.0,15.0,18.7,22.1,49,22,57,57,29812,1019.7,Trieste molo F.lli Bandiera,2020
5,30,0.0,16.4,18.7,21.9,45,22,54,72,20970,1016.2,Trieste molo F.lli Bandiera,2020
5,31,0.0,15.0,17.5,18.7,52,13,36,80,22787,1015.7,Trieste molo F.lli Bandiera,2020
5,1,12.6,11.5,15.6,20.2,82,8,39,326,17388,993.7,Udine S.O.,2020
5,2,1.1,10.5,15.7,22.2,79,7,50,97,19977,994.3,Udine S.O.,2020
5,3,0.1,8.1,16.0,21.3,60,8,31,88,27640,1001.3,Udine S.O.,2020
5,4,0.0,9.8,15.6,21.0,63,7,31,157,25193,1004.8,Udine S.O.,2020
5,5,0.0,9.0,14.7,18.6,71,4,14,144,9600,1001.0,Udine S.O.,2020
5,6,0.0,9.1,15.9,21.4,59,11,41,98,22948,1003.2,Udine S.O.,2020
5,7,0.0,7.4,15.3,22.5,67,6,28,165,27181,1008.5,Udine S.O.,2020
5,8,0.0,9.0,16.8,24.2,67,5,24,160,25274,1006.6,Udine S.O.,2020
5,9,0.0,11.4,17.6,24.2,65,7,23,146,25549,1002.1,Udine S.O.,2020
5,10,0.0,12.6,17.7,22.6,72,8,31,173,21101,998.8,Udine S.O.,2020
5,11,41.5,13.4,15.1,18.0,95,10,41,149,3753,993.2,Udine S.O.,2020
5,12,5.9,9.4,13.1,19.6,88,13,53,93,6004,998.2,Udine S.O.,2020
5,13,0.0,9.9,15.8,20.4,88,6,17,22,11114,998.8,Udine S.O.,2020
5,14,0.0,12.6,19.4,24.6,77,7,40,73,20626,994.4,Udine S.O.,2020
5,15,20.5,13.8,16.9,22.3,82,12,46,194,15357,997.8,Udine S.O.,2020
5,16,2.3,11.7,15.8,19.7,69,14,45,49,14629,1006.5,Udine S.O.,2020
5,17,2.0,12.9,20.0,26.1,70,11,36,95,25280,1003.8,Udine S.O.,2020
5,18,0.0,14.2,21.3,25.3,57,13,37,98,22212,1005.0,Udine S.O.,2020
5,19,11.5,14.9,19.5,24.5,67,16,54,40,10125,1001.5,Udine S.O.,2020
5,20,4.3,12.5,20.4,26.5,68,6,26,131,22505,998.9,Udine S.O.,2020
5,21,0.0,11.0,19.1,24.8,64,5,19,84,25575,1004.9,Udine S.O.,2020
5,22,0.0,14.1,19.4,23.8,60,5,22,150,22818,1009.7,Udine S.O.,2020
5,23,13.6,15.5,20.1,25.6,64,6,35,332,18135,1008.4,Udine S.O.,2020
5,24,0.0,12.4,18.6,24.2,61,6,29,57,29283,1011.0,Udine S.O.,2020
5,25,0.0,12.6,18.4,23.7,63,9,32,138,25108,1011.7,Udine S.O.,2020
5,26,0.8,10.0,17.5,22.8,67,7,30,213,18704,,Udine S.O.,2020
5,27,0.0,8.7,,24.4,,,24,180,,,Udine S.O.,2020
5,28,2.9,11.5,17.1,24.0,68,6,48,81,22586,1010.1,Udine S.O.,2020
5,29,0.1,9.5,16.8,22.8,62,6,39,98,25347,1007.1,Udine S.O.,2020
5,30,0.1,11.8,17.3,21.5,56,6,22,59,19809,1003.8,Udine S.O.,2020
5,31,0.0,12.6,17.3,21.8,58,6,21,220,23226,1002.8,Udine S.O.,2020
